region_id,patient_id,dataset,n_cells,tumor_high_score_used,tumor_high_label_v2,cd8_high_score_used,cd8_high_label_v2,cd8_clustering_score_used,cd8_clustering_label_v2,tumor_stroma_mixing_score_used,tumor_stroma_mixing_label_v2,interface_immune_score_used,interface_immune_label_v2,immune_exclusion_score_used,immune_exclusion_label_v2
UPMC_c001_v001_r001_reg001,67653.0,UPMC_HNC,4360.0,0.4951834862385321,1.0,0.0295871559633027,0.0,0.005457564424449,,0.0121114002536077,1.0,-0.0031112792152824,,-0.0162436809632665,
UPMC_c001_v001_r001_reg002,67651.0,UPMC_HNC,6960.0,0.6214080459770115,1.0,0.0198275862068965,0.0,-0.0046320488147394,,-0.0475361521797167,0.0,0.0028236068492827,,0.432027456118705,1.0
UPMC_c001_v001_r001_reg004,67629.0,UPMC_HNC,7061.0,0.6045885851862343,1.0,0.0887976207336071,1.0,-0.0156762591046352,,-0.003996537727334,,0.0094837251679907,,-0.0775798171670809,
UPMC_c001_v001_r001_reg019,67674.0,UPMC_HNC,3830.0,0.597911227154047,1.0,0.0240208877284595,0.0,-0.0236163011651578,0.0,0.0283537054027707,1.0,-0.1219391445210382,0.0,-0.1576471722700849,0.0
UPMC_c001_v001_r001_reg018,67663.0,UPMC_HNC,5880.0,0.6362244897959184,1.0,0.0136054421768707,0.0,-0.0025543788855679,,-0.0068176847558729,,0.0287699385519898,,0.1662866694441651,1.0
UPMC_c001_v001_r001_reg031,67694.0,UPMC_HNC,5155.0,0.6032977691561591,1.0,0.0110572259941804,0.0,-0.0157038514160656,,0.0211368541839867,1.0,-0.1763700362497911,0.0,-0.1528656147985009,0.0
UPMC_c001_v001_r001_reg038,67653.0,UPMC_HNC,3147.0,0.328884652049571,0.0,0.0384493168096599,0.0,-0.0059589329069508,,-0.0001541356500806,,-0.1110481713503535,0.0,0.1003560813862665,1.0
UPMC_c002_v001_r001_reg003,67653.0,UPMC_HNC,5231.0,0.3318677117186006,0.0,0.0194991397438348,0.0,-0.0247955475349956,0.0,-0.0270319687353243,0.0,-0.1167700002106872,0.0,-0.0196523331319542,
UPMC_c002_v001_r001_reg011,67625.0,UPMC_HNC,5382.0,0.6179858788554441,1.0,0.0334448160535117,0.0,-0.0273639137036409,0.0,0.0074350612357712,,-0.1442278713441645,0.0,-0.1414042039978474,0.0
UPMC_c002_v001_r001_reg034,67651.0,UPMC_HNC,1993.0,0.4952333166081284,1.0,0.0436527847466131,0.0,0.0855005430798107,1.0,-0.0175425841899949,0.0,0.0455398513708304,,0.010739553088188,
UPMC_c003_v001_r001_reg013,67683.0,UPMC_HNC,3282.0,0.2379646556977452,0.0,0.0673369896404631,1.0,-0.0087722314675287,,0.0337425405783437,1.0,0.0328113905947471,,0.0824719883309194,1.0
UPMC_c003_v001_r001_reg020,67673.0,UPMC_HNC,5508.0,0.3071895424836601,0.0,0.0942265795206971,1.0,0.04728703472749,1.0,0.0091532771920113,,0.0052742563515322,,-0.0694016567253052,
UPMC_c003_v001_r001_reg029,67680.0,UPMC_HNC,9019.0,0.1786229071959197,0.0,0.0673023616808958,1.0,-0.0194450952333035,0.0,0.0361034612561909,1.0,-0.0945515037338712,0.0,-0.1823170685140164,0.0
UPMC_c003_v001_r001_reg034,67666.0,UPMC_HNC,3780.0,0.3515873015873016,0.0,0.0518518518518518,0.0,-0.0072929048167287,,0.0328729614512976,1.0,-0.140567493791941,0.0,-0.1703576702977754,0.0
UPMC_c004_v001_r001_reg009,67643.0,UPMC_HNC,12960.0,0.4574845679012346,1.0,0.1035493827160493,1.0,-0.0027113315486995,,0.0005729558561939,,0.0146046836141577,,-0.0480676842765508,
UPMC_c004_v001_r001_reg015,67688.0,UPMC_HNC,6326.0,0.1417957635156497,0.0,0.1313626304141637,1.0,-0.0078356347826375,,0.0286076547613575,1.0,0.0060285046121602,,-0.0631764271038264,
UPMC_c004_v001_r001_reg046,67689.0,UPMC_HNC,6219.0,0.3918636436726161,0.0,0.0765396365975237,1.0,0.003716190487794,,-0.0116521958377734,0.0,0.0761003955501392,1.0,0.1840438423427906,1.0
UPMC_c004_v001_r001_reg057,67623.0,UPMC_HNC,6652.0,0.2366205652435357,0.0,0.1144016837041491,1.0,-0.0067631699483941,,-0.0091480269333126,0.0,0.0054473763129916,,-0.0427099448973375,
UPMC_c005_v001_r001_reg015,67664.0,UPMC_HNC,4067.0,0.5984755347922301,1.0,0.0924514384066879,1.0,0.1222695582057378,1.0,0.0346796295591351,1.0,-0.0383667325889314,,-0.0645435813788724,
UPMC_c005_v001_r001_reg038,67691.0,UPMC_HNC,4733.0,0.3712233255863089,0.0,0.0517642087470948,0.0,-0.014503057513533,,0.0315881077613728,1.0,-0.1152610010891198,0.0,-0.1280589214061219,0.0
UPMC_c005_v001_r001_reg053,67636.0,UPMC_HNC,7392.0,0.3361742424242424,0.0,0.051271645021645,0.0,0.0080819967318566,1.0,-0.0177614707113862,0.0,0.3977222294701042,1.0,0.230807840374093,1.0
UPMC_c006_v001_r001_reg060,67648.0,UPMC_HNC,15317.0,0.4483253900894431,1.0,0.0660703793170986,1.0,-0.0108425647660114,,0.0039231095426925,,-0.1544152907688597,0.0,-0.1613093133577587,0.0
UPMC_c001_v001_r001_reg005,67683.0,UPMC_HNC,5231.0,0.2913400879372969,0.0,0.0917606576180462,1.0,-0.0010572570314853,,-0.005878455642953,,0.031148459203972,,-0.0267113741824604,
UPMC_c001_v001_r001_reg006,67657.0,UPMC_HNC,4261.0,0.695611358835954,1.0,0.0161933818352499,0.0,0.0030071414301894,,0.0187368007006171,1.0,-0.0472185239898951,,-0.152998599573691,0.0
UPMC_c001_v001_r001_reg007,67650.0,UPMC_HNC,5229.0,0.3864983744501817,0.0,0.0447504302925989,0.0,0.0014484685414439,,-0.0364280461073128,0.0,-0.0556530814229653,,0.0188164350967728,
UPMC_c001_v001_r001_reg008,67630.0,UPMC_HNC,5024.0,0.4510350318471338,1.0,0.0222929936305732,0.0,0.0001627009689449,,0.0253865181341039,1.0,-0.1441645441221795,0.0,-0.0410234942189125,
UPMC_c001_v001_r001_reg009,67639.0,UPMC_HNC,6211.0,0.3018837546288842,0.0,0.0771212365158589,1.0,0.0366541212687365,1.0,-0.0190814303165451,0.0,0.0924784658678205,1.0,0.2181454910022494,1.0
UPMC_c001_v001_r001_reg017,67622.0,UPMC_HNC,8917.0,0.2214870472131883,0.0,0.1007065156442749,1.0,0.020378412359392,1.0,0.0233163571660536,1.0,-0.0051189128097439,,-0.1092810693257982,
UPMC_c001_v001_r001_reg016,67695.0,UPMC_HNC,4704.0,0.2525510204081632,0.0,0.0703656462585034,1.0,-0.0180911603396364,0.0,0.0201761535013039,1.0,-0.1170722214932712,0.0,-0.1235959783283904,0.0
UPMC_c001_v001_r001_reg015,67681.0,UPMC_HNC,4953.0,0.3745204926307288,0.0,0.0377548960226125,0.0,-0.0141863558098336,,-0.0342636519862872,0.0,0.3364222301308904,1.0,0.1706424094073521,1.0
UPMC_c001_v001_r001_reg014,67639.0,UPMC_HNC,6538.0,0.3271642704190884,0.0,0.0646986846130315,1.0,0.0150593508043487,1.0,0.0094027660540229,1.0,-0.1653330233426749,0.0,-0.1681204237843562,0.0
UPMC_c001_v001_r001_reg013,67694.0,UPMC_HNC,1491.0,0.5345405767940979,1.0,0.0429242119382964,0.0,0.0609577700836554,1.0,0.0087406950141817,,0.3903741919440276,1.0,-0.147052785371762,0.0
UPMC_c001_v001_r001_reg012,67622.0,UPMC_HNC,6985.0,0.3660701503221188,0.0,0.0896206156048675,1.0,-0.0025331178975783,,0.0020683976151022,,0.1056363070854697,1.0,0.1589219609905462,1.0
UPMC_c001_v001_r001_reg011,67697.0,UPMC_HNC,3553.0,0.5555868280326485,1.0,0.0351815367295243,0.0,-0.0100020432744444,,0.0056452988850017,,0.0266978872979546,,-0.0881071160311684,
UPMC_c001_v001_r001_reg010,67654.0,UPMC_HNC,6073.0,0.2748229869916022,0.0,0.029968713979911,0.0,-0.0147312865076499,,0.0136941380368257,1.0,-0.1276306789646268,0.0,-0.1656598473554822,0.0
UPMC_c001_v001_r001_reg020,67680.0,UPMC_HNC,6075.0,0.5596707818930041,1.0,0.022716049382716,0.0,-0.0134511108733705,,0.0120262783003211,1.0,0.0036016804437915,,-0.1772263138816207,0.0
UPMC_c001_v001_r001_reg021,67630.0,UPMC_HNC,6200.0,0.2854838709677419,0.0,0.1030645161290322,1.0,0.0067164293515609,1.0,0.0129694619843197,1.0,-0.0519715574878008,,-0.0848898838079506,
UPMC_c001_v001_r001_reg022,67678.0,UPMC_HNC,5036.0,0.4861000794281175,1.0,0.0131056393963463,0.0,0.0176846223152926,1.0,0.0140551958105139,1.0,0.0025961535753118,,0.5632636982362696,1.0
UPMC_c001_v001_r001_reg023,67654.0,UPMC_HNC,3580.0,0.4513966480446927,1.0,0.0203910614525139,0.0,-0.0116760324438776,,-0.0295045526969477,0.0,0.0828496317267318,1.0,-0.0027322440471958,
UPMC_c001_v001_r001_reg024,67680.0,UPMC_HNC,4744.0,0.4962057335581787,1.0,0.0265598650927487,0.0,0.1060010826980647,1.0,-0.0094611092672911,0.0,-0.1933259824723039,0.0,-0.2058929613357236,0.0
UPMC_c001_v001_r001_reg026,67693.0,UPMC_HNC,3791.0,0.4740174096544447,1.0,0.0857293590081772,1.0,0.0029067599806839,,-0.0292156383118693,0.0,0.1355089376216236,1.0,0.3071928346991323,1.0
UPMC_c001_v001_r001_reg027,67650.0,UPMC_HNC,4571.0,0.3113104353533144,0.0,0.0557864799824983,0.0,0.0160402827006974,1.0,-0.0622813276377488,0.0,-0.00688773827815,,0.5612124306260728,1.0
UPMC_c001_v001_r001_reg034,67694.0,UPMC_HNC,6417.0,0.5731650303880318,1.0,0.0144927536231884,0.0,-0.017704572400158,0.0,0.0252013763741733,1.0,-0.1384864327227538,0.0,-0.1530056029730667,0.0
UPMC_c001_v001_r001_reg033,67692.0,UPMC_HNC,5357.0,0.5932424864663057,1.0,0.0319208512226992,0.0,-0.0177209954129714,0.0,0.0032056292555589,,0.0534193644866271,,-0.1344407620623451,0.0
UPMC_c001_v001_r001_reg032,67655.0,UPMC_HNC,7445.0,0.6185359301544661,1.0,0.05721961047683,0.0,0.0853404848094152,1.0,-0.0025586268383145,,0.1305472280341316,1.0,0.5288528186244459,1.0
UPMC_c001_v001_r001_reg030,67652.0,UPMC_HNC,5189.0,0.7298130661013683,1.0,0.0215841202543842,0.0,0.0142362518457405,1.0,0.0091336436761305,,-0.0532108330785951,,0.2596675471296182,1.0
UPMC_c001_v001_r001_reg029,67695.0,UPMC_HNC,3786.0,0.3365029054410988,0.0,0.0406761753829899,0.0,-0.0215889646301375,0.0,0.000656205193394,,-0.0604420187087316,,-0.0878890212527555,
UPMC_c001_v001_r001_reg028,67657.0,UPMC_HNC,1395.0,0.5541218637992832,1.0,0.0351254480286738,0.0,0.0114484509332876,1.0,0.0113252876264414,1.0,0.1972978027981117,1.0,-0.0415912731348168,
UPMC_c001_v001_r001_reg035,67625.0,UPMC_HNC,4967.0,0.4761425407690759,1.0,0.0557680692570968,0.0,-0.0140691612295,,-0.0167701074445071,0.0,0.1710866291366247,1.0,0.1627204677627529,1.0
UPMC_c001_v001_r001_reg036,67631.0,UPMC_HNC,4628.0,0.4291270527225583,1.0,0.0229040622299049,0.0,0.0231175932445235,1.0,0.0409686274159848,1.0,-0.099977723544511,0.0,-0.1945809986411976,0.0
UPMC_c001_v001_r001_reg037,67680.0,UPMC_HNC,4807.0,0.3345121697524443,0.0,0.0468067401705845,0.0,0.0388042873883932,1.0,-0.007517639456252,,-0.1100592545885557,0.0,-0.1348929373891517,0.0
UPMC_c001_v001_r001_reg039,67663.0,UPMC_HNC,1670.0,0.4239520958083832,1.0,0.0167664670658682,0.0,-0.0356448842127001,0.0,0.0095226163740322,1.0,0.1461957441679787,1.0,0.1256147252881524,1.0
UPMC_c001_v001_r001_reg040,67629.0,UPMC_HNC,1907.0,0.5007865757734662,1.0,0.0419507079181961,0.0,0.0031229033020275,,-0.0100812269379484,0.0,0.0192267688421589,,0.1142327316590973,1.0
UPMC_c001_v001_r001_reg041,67661.0,UPMC_HNC,3606.0,0.5044370493621742,1.0,0.0313366611203549,0.0,-0.0124637777657618,,0.0139368071190344,1.0,-0.0823386793008366,,-0.1895371762563468,0.0
UPMC_c002_v001_r001_reg001,67655.0,UPMC_HNC,6288.0,0.6574427480916031,1.0,0.0500954198473282,0.0,0.1130430118727996,1.0,0.0062973489679443,,-0.160874756044448,0.0,-0.0545177165523707,
UPMC_c002_v001_r001_reg002,67694.0,UPMC_HNC,4171.0,0.1999520498681371,0.0,0.1690242148165907,1.0,-0.0030718272495575,,0.0140745637487836,1.0,0.1492808281797027,1.0,0.1617134056678712,1.0
UPMC_c002_v001_r001_reg004,67674.0,UPMC_HNC,8843.0,0.2607712314825285,0.0,0.1216781635191677,1.0,-0.000880974940327,,0.007156060735513,,-0.0934680490877676,0.0,-0.11544008023006,
UPMC_c002_v001_r001_reg005,67655.0,UPMC_HNC,8301.0,0.2749066377544874,0.0,0.0690278279725334,1.0,0.0016033533918831,,0.0099794400867857,1.0,0.1382128890391566,1.0,0.0978054620974762,1.0
UPMC_c002_v001_r001_reg006,67680.0,UPMC_HNC,6652.0,0.4150631389055923,0.0,0.0285628382441371,0.0,0.0656148061781807,1.0,-0.001785846851928,,-0.1544446189700135,0.0,-0.1289232483270577,0.0
UPMC_c002_v001_r001_reg007,67631.0,UPMC_HNC,5243.0,0.4577531947358382,1.0,0.0143047873354949,0.0,-0.0189980406687592,0.0,-0.0070571118220329,,-0.0404560970187604,,0.0916422465445044,1.0
UPMC_c002_v001_r001_reg008,67655.0,UPMC_HNC,8146.0,0.2881168671740731,0.0,0.0595384237662656,1.0,0.0363938218191154,1.0,-0.0071801912613309,,0.0736929587563322,1.0,0.1268118112757991,1.0
UPMC_c002_v001_r001_reg009,67665.0,UPMC_HNC,1489.0,0.2323707186030893,0.0,0.0248488918737407,0.0,-0.023908367826487,0.0,0.0017429839274789,,0.2011279777201201,1.0,0.3107172579814509,1.0
UPMC_c002_v001_r001_reg015,67680.0,UPMC_HNC,4335.0,0.4089965397923875,0.0,0.0191464821222606,0.0,0.0047838879472318,,-0.0029586470062911,,-0.0880862324765081,,-0.0023983737320277,
UPMC_c002_v001_r001_reg014,67653.0,UPMC_HNC,5109.0,0.4190643961636328,0.0,0.0060677236249755,0.0,-0.0150657306490381,,-0.0418416145196706,0.0,0.0286641276247184,,0.4961020820301303,1.0
UPMC_c002_v001_r001_reg013,67631.0,UPMC_HNC,6366.0,0.3726044612001257,0.0,0.0356581841030474,0.0,0.040346200038115,1.0,-0.016741967842185,0.0,0.0297527807498866,,0.1042207893920432,1.0
UPMC_c002_v001_r001_reg012,67653.0,UPMC_HNC,6017.0,0.4502243643011467,1.0,0.0131294665115506,0.0,-0.0120008787153174,,-0.0144031236870152,0.0,-0.0328187983872365,,0.0472581148111675,1.0
UPMC_c002_v001_r001_reg010,67673.0,UPMC_HNC,6087.0,0.4003614259898143,0.0,0.0384425825529817,0.0,0.0075026463899602,1.0,-0.002799425989797,,0.1040508497436311,1.0,-0.0207077248661027,
UPMC_c002_v001_r001_reg018,67653.0,UPMC_HNC,2421.0,0.4737711689384551,1.0,0.0743494423791821,1.0,-0.0051288172420381,,-0.0346701901573892,0.0,0.2921146901286766,1.0,0.2998161759622622,1.0
UPMC_c002_v001_r001_reg019,67663.0,UPMC_HNC,2920.0,0.3910958904109589,0.0,0.0476027397260273,0.0,0.0009979177750719,,-0.0377479587883809,0.0,0.2357481434990089,1.0,0.3333916627257051,1.0
UPMC_c002_v001_r001_reg021,67628.0,UPMC_HNC,6717.0,0.2782492184010719,0.0,0.0827750483846955,1.0,-0.0152908721318301,,0.0372567557135071,1.0,-0.1310208735968576,0.0,-0.1236469459087583,0.0
UPMC_c002_v001_r001_reg022,67661.0,UPMC_HNC,6602.0,0.6541956982732505,1.0,0.0351408664041199,0.0,0.0035038914952592,,0.0274928556132915,1.0,-0.0747034214947859,,-0.1616032968535809,0.0
UPMC_c002_v001_r001_reg023,67655.0,UPMC_HNC,6752.0,0.5322867298578199,1.0,0.0389514218009478,0.0,0.0251936063698853,1.0,-0.022086841416184,0.0,0.118270097619331,1.0,0.3296119873512344,1.0
UPMC_c002_v001_r001_reg024,67666.0,UPMC_HNC,5632.0,0.4760298295454545,1.0,0.0205965909090909,0.0,-0.0195576050192972,0.0,0.0062299178802333,,-0.0952841601455993,0.0,-0.1912332344066669,0.0
UPMC_c002_v001_r001_reg025,67683.0,UPMC_HNC,5416.0,0.2692023633677991,0.0,0.1094903988183161,1.0,-0.0058407453595184,,0.0125588946505014,1.0,-0.1357970298763314,0.0,-0.1153483319746206,
UPMC_c002_v001_r001_reg026,67628.0,UPMC_HNC,5058.0,0.4043100039541321,0.0,0.0415183867141162,0.0,-0.0177091818576114,0.0,-0.0229755446241509,0.0,0.1995208180557335,1.0,-0.1041586855159823,
UPMC_c002_v001_r001_reg035,67692.0,UPMC_HNC,2239.0,0.5212148280482358,1.0,0.0308173291648057,0.0,-0.0042711976921046,,-0.0092904924374043,0.0,0.165792498205228,1.0,-0.181440290139878,0.0
UPMC_c002_v001_r001_reg032,67673.0,UPMC_HNC,5252.0,0.2934120335110434,0.0,0.0376999238385377,0.0,0.0043307443092823,,0.0243636164403709,1.0,-0.0324824987376836,,-0.088045569491514,
UPMC_c002_v001_r001_reg030,67625.0,UPMC_HNC,5831.0,0.5909792488423941,1.0,0.0675698850968959,1.0,-0.0341936114783147,0.0,-0.0003903920224308,,-0.1383404538002907,0.0,-0.1116093983533028,
UPMC_c002_v001_r001_reg029,67692.0,UPMC_HNC,7825.0,0.5557827476038338,1.0,0.0523961661341853,0.0,-0.0102791606733605,,-0.0047047929233379,,0.0197884415200196,,-0.0722643843693208,
UPMC_c002_v001_r001_reg028,67681.0,UPMC_HNC,5134.0,0.5348656018698871,1.0,0.0257109466303077,0.0,-0.0220808919577819,0.0,-0.0095640702548515,0.0,-0.040590861307368,,-0.1013186733373242,
UPMC_c002_v001_r001_reg027,67678.0,UPMC_HNC,6263.0,0.5674596838575763,1.0,0.0217148331470541,0.0,0.0146736904951916,1.0,-0.0218862216949151,0.0,0.1046604497388318,1.0,-0.1252490418705588,0.0
UPMC_c003_v001_r001_reg002,67695.0,UPMC_HNC,3718.0,0.4690693921463152,1.0,0.0260892953200645,0.0,-0.0297874385299136,0.0,0.0170869627800947,1.0,-0.0402226704508627,,-0.0053175292094635,
UPMC_c003_v001_r001_reg003,67629.0,UPMC_HNC,3364.0,0.4551129607609988,1.0,0.0419143876337693,0.0,0.0036287028888664,,-0.0238952908576993,0.0,0.2875177203398836,1.0,-0.0666036290234497,
UPMC_c003_v001_r001_reg004,67661.0,UPMC_HNC,6088.0,0.6425755584756899,1.0,0.032358738501971,0.0,0.0056097909837911,1.0,0.0186349515821851,1.0,-0.0943861277333873,0.0,-0.161396110940005,0.0
UPMC_c003_v001_r001_reg005,67657.0,UPMC_HNC,6790.0,0.5366715758468336,1.0,0.012960235640648,0.0,-0.0089482585514549,,0.0115993258414093,1.0,-0.1565078717527714,0.0,-0.2040769444913038,0.0
UPMC_c003_v001_r001_reg006,67653.0,UPMC_HNC,4282.0,0.3853339560952826,0.0,0.0670247547874824,1.0,0.0165563919863314,1.0,0.0385719139459982,1.0,-0.0995925102773367,0.0,-0.1060345961406268,
UPMC_c003_v001_r001_reg007,67655.0,UPMC_HNC,7213.0,0.4647164841258838,1.0,0.0754193816719811,1.0,0.0337056575727769,1.0,-0.0365790617861304,0.0,0.1892409480386165,1.0,0.173010485070829,1.0
UPMC_c003_v001_r001_reg008,67622.0,UPMC_HNC,3955.0,0.420480404551201,0.0,0.0343868520859671,0.0,-0.0110670651446471,,0.022590655588097,1.0,0.0075712195295519,,-0.0703937557923857,
UPMC_c003_v001_r001_reg015,67663.0,UPMC_HNC,2778.0,0.3783297336213103,0.0,0.0511159107271418,0.0,0.0235879731413388,1.0,-0.0179544440770576,0.0,-0.0269141609547412,,-0.1406058754864148,0.0
UPMC_c003_v001_r001_reg011,67650.0,UPMC_HNC,5527.0,0.4356793920752668,1.0,0.0265967070743622,0.0,-0.0138311160882998,,-0.0346216875196206,0.0,0.1984787807862262,1.0,0.0618662873320023,1.0
UPMC_c003_v001_r001_reg010,67625.0,UPMC_HNC,2959.0,0.4072321730314295,0.0,0.042244001351808,0.0,0.0035332465031513,,0.0116259030420811,1.0,-0.1599056111233898,0.0,-0.0987091462816507,
UPMC_c003_v001_r001_reg017,67622.0,UPMC_HNC,2253.0,0.4225477141588992,1.0,0.0248557478916999,0.0,-0.0253080880934198,0.0,0.0833571732217667,1.0,-0.0803215320904846,,-0.1680841241580872,0.0
UPMC_c003_v001_r001_reg018,67653.0,UPMC_HNC,1926.0,0.4813084112149532,1.0,0.0784008307372793,1.0,0.0220698153066325,1.0,-0.0254571270977794,0.0,0.239006645500805,1.0,0.3066164871596314,1.0
UPMC_c003_v001_r001_reg021,67680.0,UPMC_HNC,5312.0,0.4956701807228915,1.0,0.018637048192771,0.0,-0.0236707003832169,0.0,-0.0008247147126411,,-0.0435648800414718,,-0.2159159550535067,0.0
UPMC_c003_v001_r001_reg022,67692.0,UPMC_HNC,7963.0,0.5572020595253045,1.0,0.0627904056260203,1.0,-0.0199329037205156,0.0,-0.00054778914521,,-0.0091328857029603,,-0.121226144450546,0.0
UPMC_c003_v001_r001_reg030,67692.0,UPMC_HNC,3447.0,0.4087612416594139,0.0,0.0438062082970699,0.0,-0.0112985028180704,,0.0192527524177368,1.0,-0.0936757123322115,0.0,-0.1673568799737126,0.0
UPMC_c003_v001_r001_reg028,67678.0,UPMC_HNC,4809.0,0.5801621958827199,1.0,0.0201705136202952,0.0,0.0163178081028642,1.0,-0.0064363079913647,,-0.0316272774127354,,-0.1571255197354298,0.0
UPMC_c003_v001_r001_reg027,67628.0,UPMC_HNC,3345.0,0.5013452914798207,1.0,0.0445440956651718,0.0,0.0314971257039777,1.0,0.0017622766599824,,0.2839988021131399,1.0,0.2336918942345987,1.0
UPMC_c003_v001_r001_reg026,67639.0,UPMC_HNC,5328.0,0.4316816816816817,1.0,0.0497372372372372,0.0,-0.0004632995244468,,-0.0043448060978894,,-0.1858210523357855,0.0,-0.1510638725947413,0.0
UPMC_c003_v001_r001_reg025,67694.0,UPMC_HNC,6129.0,0.5302659487681514,1.0,0.0081579376733561,0.0,-0.0105331443750273,,0.0057114751974579,,-0.1756589639340582,0.0,-0.1826409661600003,0.0
UPMC_c003_v001_r001_reg024,67666.0,UPMC_HNC,1362.0,0.5205580029368576,1.0,0.0513950073421439,0.0,0.0056310888278341,1.0,-0.0363353329341052,0.0,0.2467247375470278,1.0,0.0011490479673959,
UPMC_c003_v001_r001_reg023,67663.0,UPMC_HNC,4655.0,0.2910848549946294,0.0,0.0305048335123523,0.0,-0.003780996550818,,0.0012268589288258,,-0.1341971233049412,0.0,-0.2036913893532295,0.0
UPMC_c004_v001_r001_reg001,67658.0,UPMC_HNC,11554.0,0.3552016617621603,0.0,0.0731348450752986,1.0,-0.0141743556883792,,-0.0124234186277992,0.0,0.1928730179886137,1.0,0.0677774282565993,1.0
UPMC_c004_v001_r001_reg002,67649.0,UPMC_HNC,5429.0,0.4022840302081414,0.0,0.1235955056179775,1.0,-0.0122414268126671,,0.0012146970073363,,-0.0130669824074213,,-0.0227393541575801,
UPMC_c004_v001_r001_reg003,67638.0,UPMC_HNC,11622.0,0.4221304422646704,1.0,0.1673550163483049,1.0,-0.0173570702093203,0.0,-0.0078766489589836,0.0,-0.0369420966565472,,0.0210253376003201,
UPMC_c004_v001_r001_reg004,67635.0,UPMC_HNC,7953.0,0.4004778071168112,0.0,0.1023513139695712,1.0,0.0414553491955925,1.0,-0.016339534692098,0.0,0.217355080398377,1.0,0.2890203909712586,1.0
UPMC_c004_v001_r001_reg005,67699.0,UPMC_HNC,10781.0,0.7133846581949727,1.0,0.1048140246730359,1.0,-0.0055533593874649,,0.0109113086735418,1.0,0.0022820941220286,,-0.0499927838753022,
UPMC_c004_v001_r001_reg012,67697.0,UPMC_HNC,2927.0,0.1766313631704817,0.0,0.0423641954219337,0.0,-0.0224595241943322,0.0,0.0259539128439134,1.0,0.1826995744907571,1.0,-0.0919980908364165,
UPMC_c004_v001_r001_reg011,67690.0,UPMC_HNC,6311.0,0.6189193471716051,1.0,0.0367612105846933,0.0,0.0520047698379264,1.0,-0.0085268321744082,0.0,-0.121114644597968,0.0,-0.1100659749369183,
UPMC_c004_v001_r001_reg010,67691.0,UPMC_HNC,4417.0,0.3033733303146932,0.0,0.0498075616934571,0.0,-0.0105832401677633,,0.0047848226722331,,-0.0149988973284996,,-0.04426917273971,
UPMC_c004_v001_r001_reg008,67647.0,UPMC_HNC,11109.0,0.714825816905212,1.0,0.0132325141776937,0.0,-0.0274566872707422,0.0,0.0177031887029076,1.0,-0.1227542333214275,0.0,-0.1685323468388547,0.0
UPMC_c004_v001_r001_reg013,67634.0,UPMC_HNC,5825.0,0.4346781115879828,1.0,0.0803433476394849,1.0,0.0412592450977058,1.0,-0.0154605918448612,0.0,0.0854099510452211,1.0,0.2518004621050095,1.0
UPMC_c004_v001_r001_reg014,67632.0,UPMC_HNC,3870.0,0.4736434108527131,1.0,0.0129198966408268,0.0,-0.0134901981123629,,-0.041833912906206,0.0,0.1803391513369335,1.0,0.2328475459644264,1.0
UPMC_c004_v001_r001_reg016,67686.0,UPMC_HNC,16743.0,0.1468673475482291,0.0,0.0939497103267037,1.0,-0.0141051829953716,,0.0185349257554401,1.0,-0.0933047542519223,,-0.1689514978003345,0.0
UPMC_c004_v001_r001_reg017,67685.0,UPMC_HNC,6155.0,0.5033306255077173,1.0,0.0758732737611697,1.0,-0.0019219210603717,,-0.005844920703965,,-0.0644298720089469,,-0.078566253427376,
UPMC_c004_v001_r001_reg024,67644.0,UPMC_HNC,8892.0,0.6233693207377418,1.0,0.0410481331533963,0.0,0.0390057602996893,1.0,0.0119884369712294,1.0,0.0154934464828326,,-0.0765465607881458,
UPMC_c004_v001_r001_reg023,67645.0,UPMC_HNC,7366.0,0.4674178658702145,1.0,0.0972033668205267,1.0,-0.0036152687902079,,0.0049748212838798,,-0.0485226776143554,,-0.114353201793252,
UPMC_c004_v001_r001_reg022,67646.0,UPMC_HNC,10997.0,0.6778212239701736,1.0,0.0205510593798308,0.0,-0.0081993675283616,,0.005255699562551,,0.1904847966993428,1.0,0.0369968665091816,
UPMC_c004_v001_r001_reg021,67668.0,UPMC_HNC,6742.0,0.3685849896173242,0.0,0.0479086324532779,0.0,-0.0203367423404012,0.0,-0.023138158482225,0.0,0.0709783431086718,1.0,-0.1408447024280714,0.0
UPMC_c004_v001_r001_reg020,67679.0,UPMC_HNC,11222.0,0.2405988237390839,0.0,0.1042594902869363,1.0,0.0203868616395881,1.0,-0.0085465156278011,0.0,0.0467946077210374,,-0.0840655160107552,
UPMC_c004_v001_r001_reg025,67634.0,UPMC_HNC,6596.0,0.4790782292298363,1.0,0.0388114008489993,0.0,-0.0104578504534117,,-0.0108141600134209,0.0,-0.0523432650959769,,-0.006215914789267,
UPMC_c004_v001_r001_reg026,67632.0,UPMC_HNC,5291.0,0.5526365526365526,1.0,0.0119070119070119,0.0,-0.0051021699098698,,0.0094162243357319,1.0,-0.1573566543189783,0.0,0.0401622416956098,
UPMC_c004_v001_r001_reg027,67688.0,UPMC_HNC,11759.0,0.185645037843354,0.0,0.0863168636788842,1.0,-0.0101113834728733,,-0.0159263117021006,0.0,-0.0931275026845236,,-0.1392411943884737,0.0
UPMC_c004_v001_r001_reg028,67686.0,UPMC_HNC,6908.0,0.2327735958309206,0.0,0.047481181239143,0.0,-0.015693273635956,,0.0087956073018978,,-0.115175636363332,0.0,-0.1887930283567054,0.0
UPMC_c004_v001_r001_reg029,67685.0,UPMC_HNC,7390.0,0.2698240866035182,0.0,0.1346414073071718,1.0,0.0144821260734263,1.0,0.011914659466806,1.0,-0.0468680809933948,,-0.0430508842063381,
UPMC_c004_v001_r001_reg036,67644.0,UPMC_HNC,9429.0,0.373952699119737,0.0,0.1201612047937215,1.0,0.0055045407870495,,-0.0076988869665116,,0.1161769491822601,1.0,0.1429229491021054,1.0
UPMC_c004_v001_r001_reg035,67645.0,UPMC_HNC,13350.0,0.4061423220973782,0.0,0.1578277153558052,1.0,-0.0251224731296922,0.0,-0.005020939459132,,-0.0220476401476176,,-0.0382001902435238,
UPMC_c004_v001_r001_reg034,67646.0,UPMC_HNC,10242.0,0.6067174380003906,1.0,0.0360281195079086,0.0,-0.0162610027905874,0.0,0.0001352209655434,,-0.1122599281212829,0.0,-0.0814457041762114,
UPMC_c004_v001_r001_reg033,67668.0,UPMC_HNC,8600.0,0.2394186046511628,0.0,0.1002325581395348,1.0,-0.007246982365136,,-0.0267144378619774,0.0,-0.075497909712695,,-0.122839713562688,0.0
UPMC_c004_v001_r001_reg032,67679.0,UPMC_HNC,9416.0,0.3591758708581138,0.0,0.0875106202209006,1.0,0.0047053115901775,,-0.0160376072066271,0.0,0.3399973006185272,1.0,0.2637886388413289,1.0
UPMC_c004_v001_r001_reg037,67676.0,UPMC_HNC,4186.0,0.4374104156712852,1.0,0.0215002388915432,0.0,-0.0332525457855529,0.0,0.0253205719234803,1.0,-0.1742166940810893,0.0,-0.2119975942542085,0.0
UPMC_c004_v001_r001_reg038,67671.0,UPMC_HNC,8392.0,0.6371544327931363,1.0,0.0234747378455672,0.0,-0.008487131626787,,0.0099559261718501,1.0,-0.0207432352963623,,0.2325643940830058,1.0
UPMC_c004_v001_r001_reg040,67641.0,UPMC_HNC,7540.0,0.3919098143236074,0.0,0.1238726790450928,1.0,-0.0214155489485357,0.0,0.0069961072967358,,-0.0540294160993771,,-0.0733195914310489,
UPMC_c004_v001_r001_reg047,67687.0,UPMC_HNC,9269.0,0.6010357104326248,1.0,0.0137015859315999,0.0,-0.0338291925511223,0.0,-0.0155824483676979,0.0,-0.0659176831530273,,-0.1159892881717566,
UPMC_c004_v001_r001_reg045,67698.0,UPMC_HNC,3446.0,0.4045269878119559,0.0,0.0786419036564132,1.0,-0.0083054353314171,,0.0008289635050939,,-0.0557118656232083,,-0.0690577377555861,
UPMC_c004_v001_r001_reg044,67696.0,UPMC_HNC,9412.0,0.2388440288992775,0.0,0.0753293667658308,1.0,0.0026322825044336,,-0.0210551410127503,0.0,0.1136732575948237,1.0,0.5198486549171158,1.0
UPMC_c004_v001_r001_reg043,67640.0,UPMC_HNC,7684.0,0.2058823529411764,0.0,0.0832899531494013,1.0,0.036739809748561,1.0,-0.0049551561780342,,0.0236588437847836,,-0.0526119368768514,
UPMC_c004_v001_r001_reg048,67682.0,UPMC_HNC,5157.0,0.3744425053325577,0.0,0.0246267209617994,0.0,0.0044761415362104,,0.0431929489782395,1.0,-0.1115399204021909,0.0,-0.2150947241792277,0.0
UPMC_c004_v001_r001_reg049,67627.0,UPMC_HNC,4088.0,0.387720156555773,0.0,0.0386497064579256,0.0,-0.0264765656998121,0.0,0.0449320162257415,1.0,-0.0657107838833542,,-0.1665175401237793,0.0
UPMC_c004_v001_r001_reg050,67669.0,UPMC_HNC,5866.0,0.3467439481759291,0.0,0.0980225025571087,1.0,-0.005946579840579,,-0.0008589066678444,,0.0952424880423737,1.0,0.1359660892080646,1.0
UPMC_c004_v001_r001_reg051,67667.0,UPMC_HNC,2162.0,0.2479185938945421,0.0,0.0883441258094357,1.0,-0.0018668987078174,,0.015673495532796,1.0,0.0418817485577078,,0.1763440854509503,1.0
UPMC_c004_v001_r001_reg052,67664.0,UPMC_HNC,3117.0,0.5505293551491819,1.0,0.0365736284889316,0.0,0.0767189076637273,1.0,0.0251996159622123,1.0,-0.1361485957111237,0.0,0.0184552429651043,
UPMC_c004_v001_r001_reg059,67648.0,UPMC_HNC,13032.0,0.4131368937998772,0.0,0.0581645181092694,0.0,0.0035732752735972,,-0.0014549275864592,,0.0627546921459087,,0.1283513285961108,1.0
UPMC_c004_v001_r001_reg058,67656.0,UPMC_HNC,8542.0,0.2266448138609225,0.0,0.143291969093889,1.0,-0.0234960575730495,0.0,-0.0117444713057788,0.0,-0.0393365112508829,,-0.0662504469610766,
UPMC_c004_v001_r001_reg056,67624.0,UPMC_HNC,3229.0,0.2917311861257355,0.0,0.0845462991638278,1.0,-0.0288902950001405,0.0,-0.0211949149706952,0.0,0.1641948393611204,1.0,0.2391642187620256,1.0
UPMC_c004_v001_r001_reg060,67675.0,UPMC_HNC,5060.0,0.3296442687747035,0.0,0.0365612648221343,0.0,-0.0067249463254144,,0.0509049622954689,1.0,-0.0874976442306177,,-0.1755336997826955,0.0
UPMC_c004_v001_r001_reg061,67619.0,UPMC_HNC,8814.0,0.3230088495575221,0.0,0.0918992511912865,1.0,-0.0158629174024209,,-0.0173443770320874,0.0,0.1553725336398947,1.0,-0.0042432991826922,
UPMC_c004_v001_r001_reg062,67642.0,UPMC_HNC,4128.0,0.2562984496124031,0.0,0.0809108527131783,1.0,0.0077503411681669,1.0,0.0073105706767963,,0.0083083255598985,,0.0752834818718599,1.0
UPMC_c004_v001_r001_reg063,67620.0,UPMC_HNC,2584.0,0.6176470588235294,1.0,0.0584365325077399,0.0,-0.0194139710666229,0.0,0.0114720432044792,1.0,0.0515860044300568,,-0.1037611757102866,
UPMC_c005_v001_r001_reg002,67677.0,UPMC_HNC,9975.0,0.5311278195488722,1.0,0.0285714285714285,0.0,-0.0218904506812779,0.0,0.0181577365186534,1.0,-0.0996054144256734,0.0,-0.1863858005359099,0.0
UPMC_c005_v001_r001_reg003,67621.0,UPMC_HNC,8903.0,0.2400314500730091,0.0,0.1345613838032124,1.0,0.0229742627966746,1.0,-0.0021193238303934,,0.0631955343458904,,-0.0787779740476427,
UPMC_c005_v001_r001_reg004,67641.0,UPMC_HNC,10135.0,0.4060187469166255,0.0,0.1563887518500246,1.0,-0.0013982647238236,,-0.0104694392736651,0.0,0.0765262358368409,1.0,0.1886214260620876,1.0
UPMC_c005_v001_r001_reg005,67640.0,UPMC_HNC,10206.0,0.1161081716637272,0.0,0.0754458161865569,1.0,0.0221908386325574,1.0,0.0173753880333772,1.0,-0.1156101477405402,0.0,-0.1981015147596418,0.0
UPMC_c005_v001_r001_reg006,67696.0,UPMC_HNC,10545.0,0.4100521574205785,0.0,0.0822190611664295,1.0,0.014486422196203,1.0,-0.0017753178052922,,0.1712032105719108,1.0,0.0658773631377121,1.0
UPMC_c005_v001_r001_reg011,67698.0,UPMC_HNC,5038.0,0.3042874156411274,0.0,0.0591504565303692,0.0,-0.0220474687292851,0.0,0.0299351195476582,1.0,0.0198004196155127,,-0.1233980024927139,0.0
UPMC_c005_v001_r001_reg010,67689.0,UPMC_HNC,8484.0,0.6633663366336634,1.0,0.0603488920320603,1.0,0.0584551032475976,1.0,-0.0005368922103899,,0.3643157602950552,1.0,0.4708736097041856,1.0
UPMC_c005_v001_r001_reg009,67687.0,UPMC_HNC,7307.0,0.4471055152593403,1.0,0.0388668400164226,0.0,0.0096944255120556,1.0,-0.0334890270620705,0.0,0.191607433697036,1.0,0.42367743553557,1.0
UPMC_c005_v001_r001_reg008,67682.0,UPMC_HNC,4068.0,0.3500491642084562,0.0,0.043756145526057,0.0,0.014732808435872,1.0,-0.0153710421451841,0.0,0.1140632292656775,1.0,0.4459084090437202,1.0
UPMC_c005_v001_r001_reg007,67640.0,UPMC_HNC,5216.0,0.1526073619631902,0.0,0.0885736196319018,1.0,-0.0075358550962532,,0.0146657005553465,1.0,-0.0309171664448071,,-0.1549915547197157,0.0
UPMC_c005_v001_r001_reg012,67627.0,UPMC_HNC,6335.0,0.2602999210734017,0.0,0.0705603788476716,1.0,-0.0168433413838454,0.0,0.0052371668553494,,-0.0049560570795387,,-0.0669091497072269,
UPMC_c005_v001_r001_reg013,67669.0,UPMC_HNC,8259.0,0.4493280058118416,1.0,0.1086087904104613,1.0,0.0106291125794197,1.0,-0.0063570981930813,,0.0743283622252576,1.0,0.0420522399066536,1.0
UPMC_c005_v001_r001_reg014,67667.0,UPMC_HNC,2068.0,0.4854932301740812,1.0,0.0512572533849129,0.0,0.0294813914717239,1.0,-0.0234606108296538,0.0,0.2101254593872003,1.0,0.3513622019748217,1.0
UPMC_c005_v001_r001_reg016,67660.0,UPMC_HNC,2272.0,0.3714788732394366,0.0,0.0541373239436619,0.0,0.0628898055864388,1.0,-0.0447610310422261,0.0,-0.0741567876585577,,-0.0074350255707451,
UPMC_c005_v001_r001_reg017,67636.0,UPMC_HNC,2199.0,0.4552069122328331,1.0,0.0277398817644383,0.0,0.0018185473184108,,-0.0429731467748148,0.0,0.1571541887229535,1.0,0.0339012147521481,
UPMC_c005_v001_r001_reg023,67656.0,UPMC_HNC,10355.0,0.2329309512312892,0.0,0.1465958474167069,1.0,-0.0239203230448386,0.0,-0.0174161352159868,0.0,-0.0262244572265015,,-0.0159756582425187,
UPMC_c005_v001_r001_reg022,67623.0,UPMC_HNC,9738.0,0.5352228383651674,1.0,0.0657219141507496,1.0,0.0084132063475507,1.0,0.0040694440319409,,0.0984866535264016,1.0,-0.1043082676771013,
UPMC_c005_v001_r001_reg021,67624.0,UPMC_HNC,10408.0,0.4705034588777863,1.0,0.0607225211375864,1.0,-0.0208107261329405,0.0,-0.0069192382765878,,0.1649333781566972,1.0,0.0647378133830333,1.0
UPMC_c005_v001_r001_reg020,67662.0,UPMC_HNC,4855.0,0.4131822863027806,0.0,0.0339855818743563,0.0,0.0055351084183616,1.0,-0.0014858433547812,,-0.0759779378708431,,-0.1028616326129218,
UPMC_c005_v001_r001_reg019,67677.0,UPMC_HNC,4208.0,0.4458174904942966,1.0,0.0365969581749049,0.0,-0.0164939998631554,0.0,-0.0047760206303068,,0.2993979232923374,1.0,0.050603251600352,1.0
UPMC_c005_v001_r001_reg018,67676.0,UPMC_HNC,1065.0,0.2929577464788732,0.0,0.0666666666666666,1.0,-0.0146695123380443,,-0.0195845249677449,0.0,0.3756784800239905,1.0,-0.0383312237889452,
UPMC_c005_v001_r001_reg024,67648.0,UPMC_HNC,2843.0,0.306718255364052,0.0,0.0323601829053816,0.0,-0.0165613852918528,0.0,0.0455317123229167,1.0,0.0538412386334795,,0.0815311555828405,1.0
UPMC_c005_v001_r001_reg025,67675.0,UPMC_HNC,5759.0,0.3151588817503039,0.0,0.0632054176072234,1.0,0.0424568671128524,1.0,0.037864479614878,1.0,-0.1263128928383038,0.0,-0.1248073399472083,0.0
UPMC_c005_v001_r001_reg026,67619.0,UPMC_HNC,2167.0,0.4111675126903553,0.0,0.0355329949238578,0.0,-0.0026420780975855,,0.0089184294220679,,-0.1872442084900679,0.0,-0.041555894418801,
UPMC_c005_v001_r001_reg027,67642.0,UPMC_HNC,6781.0,0.319421914171951,0.0,0.1139949859902669,1.0,0.0351826829532124,1.0,-0.0357426928361029,0.0,0.017682899100672,,0.0791971536731519,1.0
UPMC_c005_v001_r001_reg028,67671.0,UPMC_HNC,1673.0,0.4285714285714285,1.0,0.0478182904961147,0.0,-0.0201292700892662,0.0,-0.0159067228116474,0.0,0.37084795459514,1.0,0.2582212045681551,1.0
UPMC_c005_v001_r001_reg033,67633.0,UPMC_HNC,5156.0,0.4520946470131885,1.0,0.1126842513576415,1.0,-0.0157773027014517,,-0.0069509078317467,,-0.1054549059603566,0.0,-0.0751961558839875,
UPMC_c005_v001_r001_reg032,67660.0,UPMC_HNC,11909.0,0.3337811739020908,0.0,0.0863212696280124,1.0,0.0130422780449165,1.0,-0.0016362581858858,,0.1200579730562394,1.0,0.1200394983565037,1.0
UPMC_c005_v001_r001_reg031,67636.0,UPMC_HNC,6753.0,0.1694061898415519,0.0,0.0647119798608026,1.0,-0.0238130999118384,0.0,-0.0359905615224558,0.0,0.2802680360626584,1.0,0.0720493966400022,1.0
UPMC_c005_v001_r001_reg030,67640.0,UPMC_HNC,10413.0,0.1135119562085854,0.0,0.1026601363680015,1.0,-0.005118688071461,,0.0189709957443509,1.0,0.0578106402039015,,-0.0747353334401118,
UPMC_c005_v001_r001_reg035,67699.0,UPMC_HNC,5407.0,0.2452376548918069,0.0,0.1026447198076567,1.0,0.011620406542552,1.0,0.0345903789688474,1.0,-0.1435314479049277,0.0,-0.1390067204383788,0.0
UPMC_c005_v001_r001_reg036,67697.0,UPMC_HNC,8717.0,0.5765745095789836,1.0,0.0384306527475048,0.0,-0.0295737517951363,0.0,0.0143900578378701,1.0,-0.1218972968855069,0.0,-0.1522736648431995,0.0
UPMC_c005_v001_r001_reg037,67690.0,UPMC_HNC,7609.0,0.703114732553555,1.0,0.0294388224471021,0.0,-0.0256219653449822,0.0,0.0112669093013329,1.0,-0.0913613802620126,,-0.1506121086795062,0.0
UPMC_c005_v001_r001_reg046,67643.0,UPMC_HNC,15846.0,0.4188438722706045,0.0,0.1400984475577432,1.0,-0.0128906883899098,,0.0030976152372847,,0.2300998439657768,1.0,0.0485856443006383,1.0
UPMC_c005_v001_r001_reg045,67647.0,UPMC_HNC,9423.0,0.6772789981959036,1.0,0.016661360500902,0.0,-0.02180444119571,0.0,0.0164632301912475,1.0,0.0355338780702305,,-0.1720508927373127,0.0
UPMC_c005_v001_r001_reg044,67690.0,UPMC_HNC,6654.0,0.5770964833183048,1.0,0.029005109708446,0.0,0.0701659956577754,1.0,-0.0080273553225631,0.0,0.1246083263573047,1.0,0.2214625565179873,1.0
UPMC_c005_v001_r001_reg043,67691.0,UPMC_HNC,5927.0,0.5442888476463641,1.0,0.0691749620381305,1.0,0.0326137080433372,1.0,-0.0004005879413119,,0.2687934659174196,1.0,0.2002842410067649,1.0
UPMC_c005_v001_r001_reg042,67643.0,UPMC_HNC,12554.0,0.4602517126015613,1.0,0.0896128723912697,1.0,-0.0132480958524998,,0.0021715553508331,,0.1428971622093585,1.0,-0.0748999394420507,
UPMC_c005_v001_r001_reg041,67647.0,UPMC_HNC,10374.0,0.7283593599383074,1.0,0.0252554463080778,0.0,-0.025270617919138,0.0,0.018591494283419,1.0,-0.1043622953910489,0.0,-0.1645742392506857,0.0
UPMC_c005_v001_r001_reg047,67634.0,UPMC_HNC,5607.0,0.3135366506153023,0.0,0.1269841269841269,1.0,0.0159759702877587,1.0,0.0251037125834665,1.0,-0.1231956738262531,0.0,-0.0478900731732257,
UPMC_c005_v001_r001_reg048,67632.0,UPMC_HNC,4283.0,0.5799673126313332,1.0,0.0184450151762783,0.0,0.0636390519772645,1.0,-0.0039212450208353,,-0.0101144435167803,,0.1412121490296666,1.0
UPMC_c005_v001_r001_reg049,67688.0,UPMC_HNC,4188.0,0.2027220630372493,0.0,0.1184336198662846,1.0,0.0339526017581722,1.0,0.050122152899537,1.0,-0.0435189336328293,,-0.0523722027134764,
UPMC_c005_v001_r001_reg050,67686.0,UPMC_HNC,16079.0,0.1643758940232601,0.0,0.1055413893898874,1.0,0.0019095381391779,,0.0160654390591275,1.0,-0.0939015356652757,0.0,-0.1506790745556719,0.0
UPMC_c005_v001_r001_reg051,67685.0,UPMC_HNC,9046.0,0.5422286093300906,1.0,0.0170240990493035,0.0,-0.0192066753207742,0.0,-0.004437163814209,,0.1632268550234573,1.0,-0.0015299360708159,
UPMC_c005_v001_r001_reg052,67679.0,UPMC_HNC,13448.0,0.1910321237358715,0.0,0.0928019036287923,1.0,0.0183453430399303,1.0,-0.0134999227633259,0.0,0.1368903711349201,1.0,0.0209379287600141,
UPMC_c005_v001_r001_reg058,67668.0,UPMC_HNC,7386.0,0.4033306255077173,0.0,0.0576766856214459,0.0,-0.0224560930472624,0.0,0.002007457764945,,-0.0398368387778168,,-0.0808140537119657,
UPMC_c005_v001_r001_reg057,67646.0,UPMC_HNC,6851.0,0.5368559334403736,1.0,0.0491898992847759,0.0,0.0176488749931198,1.0,-0.0158601829365358,0.0,0.2646808401375785,1.0,0.298816558283269,1.0
UPMC_c005_v001_r001_reg056,67645.0,UPMC_HNC,7072.0,0.3696266968325792,0.0,0.0970022624434389,1.0,-0.0034933491253244,,0.0006889874989755,,0.0899689189768561,1.0,0.0586303393756026,1.0
UPMC_c005_v001_r001_reg055,67644.0,UPMC_HNC,9380.0,0.5071428571428571,1.0,0.0861407249466951,1.0,-0.0044109528218769,,0.0060835949328617,,-0.0354628865203697,,-0.0525073448668799,
UPMC_c005_v001_r001_reg054,67660.0,UPMC_HNC,11158.0,0.4110055565513533,0.0,0.0748341996773615,1.0,-0.023029697282883,0.0,-0.0046467486678205,,-0.0701881271564114,,-0.1013091592737834,
UPMC_c005_v001_r001_reg059,67684.0,UPMC_HNC,4738.0,0.3235542422963275,0.0,0.1257914731954411,1.0,-0.0087275239943152,,-0.0336212768140673,0.0,0.1405379839315462,1.0,0.1062568974898638,1.0
UPMC_c005_v001_r001_reg060,67659.0,UPMC_HNC,4250.0,0.2821176470588235,0.0,0.1105882352941176,1.0,-0.0039839568902106,,-0.0019996492430228,,0.1299188648176825,1.0,0.2299613235360313,1.0
UPMC_c005_v001_r001_reg061,67637.0,UPMC_HNC,2937.0,0.5117466802860061,1.0,0.052093973442288,0.0,0.0082084091222264,1.0,-0.0445157522101481,0.0,0.0648922854636662,1.0,0.4629526573527738,1.0
UPMC_c005_v001_r001_reg063,67672.0,UPMC_HNC,4123.0,0.3254911472228959,0.0,0.0936211496483143,1.0,-0.024346214004044,0.0,-0.0067449993872454,,-0.0635080643856539,,-0.0446707875320976,
UPMC_c005_v001_r001_reg064,67670.0,UPMC_HNC,4615.0,0.2745395449620801,0.0,0.0877573131094257,1.0,-0.0161621322034066,0.0,-0.0184057452545414,0.0,-0.0454447791891631,,0.0420947537661479,1.0
UPMC_c006_v001_r001_reg022,67645.0,UPMC_HNC,15916.0,0.5845061573259613,1.0,0.0782860015079165,1.0,-0.0213440436142427,0.0,0.0158365683638335,1.0,-0.0207267010587824,,-0.1127265058070554,
UPMC_c006_v001_r001_reg021,67659.0,UPMC_HNC,16325.0,0.2007963246554364,0.0,0.115895865237366,1.0,-0.0078522083864862,,0.0014754300226663,,-0.1615948426648067,0.0,-0.1333214619333322,0.0
UPMC_c006_v001_r001_reg020,67658.0,UPMC_HNC,16839.0,0.5583466951719224,1.0,0.0723320862283983,1.0,-0.0225283483087397,0.0,0.0110618006715831,1.0,-0.1775329238480986,0.0,-0.1345996602376098,0.0
UPMC_c006_v001_r001_reg019,67697.0,UPMC_HNC,19826.0,0.1485927569857762,0.0,0.0620397457883587,1.0,-0.0099117716153016,,0.0078032240891792,,-0.1381575704099176,0.0,-0.2021892448165453,0.0
UPMC_c006_v001_r001_reg018,67667.0,UPMC_HNC,7724.0,0.4127395132055929,0.0,0.138917659243915,1.0,-0.0115838098291962,,-0.0132475963732587,0.0,0.0665383376658688,1.0,-0.0293412175338819,
UPMC_c006_v001_r001_reg017,67656.0,UPMC_HNC,13392.0,0.1947431302270011,0.0,0.1600955794504181,1.0,-0.0195822234640021,0.0,-0.0081603697219563,0.0,-0.1572423537444918,0.0,-0.0724840955765236,
UPMC_c006_v001_r001_reg016,67620.0,UPMC_HNC,8770.0,0.5370581527936146,1.0,0.090763968072976,1.0,0.012931521486446,1.0,0.0003781542199511,,-0.1091055460000926,0.0,-0.0488187226215283,
UPMC_c006_v001_r001_reg015,67633.0,UPMC_HNC,6294.0,0.5697489672704162,1.0,0.0951700031776294,1.0,0.0046362194205564,,0.0117543150634195,1.0,-0.1541176970413821,0.0,-0.099669133497195,
UPMC_c006_v001_r001_reg014,67634.0,UPMC_HNC,4494.0,0.4554962171784601,1.0,0.0818869603916332,1.0,0.0261222023651432,1.0,-0.0099120444817791,0.0,-0.1669175169323314,0.0,-0.1414063361321353,0.0
UPMC_c006_v001_r001_reg013,67679.0,UPMC_HNC,12900.0,0.3220930232558139,0.0,0.0963565891472868,1.0,-0.0168582821920899,0.0,-0.0028454897959157,,-0.1412569654582608,0.0,-0.1136742135221658,
UPMC_c006_v001_r001_reg012,67676.0,UPMC_HNC,6328.0,0.3261694058154235,0.0,0.0794879898862199,1.0,-0.0080096618552504,,0.0137834310985261,1.0,-0.2186408175192572,0.0,-0.125330756305415,0.0
UPMC_c006_v001_r001_reg023,67646.0,UPMC_HNC,13146.0,0.6401947360413814,1.0,0.0378061767838125,0.0,0.0293328644024956,1.0,-0.0021796187811943,,0.0658501683969168,1.0,0.3499249673209453,1.0
UPMC_c006_v001_r001_reg024,67684.0,UPMC_HNC,15677.0,0.561778401479875,1.0,0.1390572175798941,1.0,0.006930415335045,1.0,0.0017752554032503,,-0.171070937099727,0.0,-0.0464276684188479,
UPMC_c006_v001_r001_reg025,67670.0,UPMC_HNC,16708.0,0.4905434522384486,1.0,0.1368206847019392,1.0,-0.0278673637050252,0.0,0.0009311791633492,,-0.0731419591187638,,-0.0382096837095279,
UPMC_c006_v001_r001_reg026,67699.0,UPMC_HNC,17026.0,0.7479149536003759,1.0,0.0947961940561494,1.0,-0.0092941821675731,,0.0179853780961109,1.0,-0.1764113654401155,0.0,-0.0738512368767588,
UPMC_c006_v001_r001_reg027,67669.0,UPMC_HNC,10792.0,0.4798925129725723,1.0,0.1123980726464047,1.0,-0.0117950080842978,,0.0005904236289046,,-0.1937148589303156,0.0,-0.0824313238230677,
UPMC_c006_v001_r001_reg028,67623.0,UPMC_HNC,5570.0,0.5403949730700179,1.0,0.0574506283662477,0.0,-0.0126650163564807,,-0.0070416008024235,,0.013990898735428,,-0.0808992191344346,
UPMC_c006_v001_r001_reg029,67642.0,UPMC_HNC,8643.0,0.2816151799143815,0.0,0.1162790697674418,1.0,0.0068882897749144,1.0,-0.0262433991309963,0.0,-0.0695980122080262,,-0.0595843812970471,
UPMC_c006_v001_r001_reg030,67660.0,UPMC_HNC,11620.0,0.5172117039586919,1.0,0.085972461273666,1.0,-0.0159941345642153,0.0,0.0016875880060283,,0.0916476662355709,1.0,0.0285682934796401,
UPMC_c006_v001_r001_reg031,67647.0,UPMC_HNC,14965.0,0.547076511861009,1.0,0.0658870698296024,1.0,-0.0134083602943518,,-0.0012894978616314,,-0.1047389900380826,0.0,-0.1249083818253965,0.0
UPMC_c006_v001_r001_reg032,67685.0,UPMC_HNC,15198.0,0.4565732333201737,1.0,0.1065929727595736,1.0,-0.0079722157753596,,0.0015323792804973,,-0.0945089877060426,0.0,-0.060509239394115,
UPMC_c006_v001_r001_reg033,67644.0,UPMC_HNC,15201.0,0.352674166173278,0.0,0.0796658114597723,1.0,-0.0224638005163206,0.0,-0.0071842179714026,,-0.2029467474362216,0.0,-0.1362023119783966,0.0
UPMC_c006_v001_r001_reg044,67668.0,UPMC_HNC,11765.0,0.3921801954951126,0.0,0.0519337016574585,0.0,-0.0120920090647993,,0.0126865065052968,1.0,0.089905327708547,1.0,0.0521422057685277,1.0
UPMC_c006_v001_r001_reg043,67636.0,UPMC_HNC,6471.0,0.5027043733580591,1.0,0.0424972956266419,0.0,-0.0284475435597543,0.0,0.0056532514499515,,0.2153664494388055,1.0,-0.1301823456794576,0.0
UPMC_c006_v001_r001_reg042,67672.0,UPMC_HNC,3953.0,0.6521629142423476,1.0,0.0844927902858588,1.0,0.0171063690096141,1.0,0.0148414104928686,1.0,0.0040934396181692,,-0.0865087824753943,
UPMC_c006_v001_r001_reg041,67635.0,UPMC_HNC,11971.0,0.1944699690919722,0.0,0.1652326455601035,1.0,0.0112401468827121,1.0,-0.0026466487465832,,-0.1781559613512547,0.0,-0.065271473836269,
UPMC_c006_v001_r001_reg040,67627.0,UPMC_HNC,6953.0,0.3805551560477492,0.0,0.0614123399971235,1.0,-0.0208255960740815,0.0,0.0231570313382815,1.0,-0.2273743227006798,0.0,-0.1180613602909555,0.0
UPMC_c006_v001_r001_reg039,67624.0,UPMC_HNC,13104.0,0.4823717948717949,1.0,0.0789835164835164,1.0,-0.0176565984659342,0.0,-0.0052852351972844,,-0.0949350725160248,0.0,0.0166322527672742,
UPMC_c006_v001_r001_reg038,67619.0,UPMC_HNC,12787.0,0.2938140298740909,0.0,0.0694455306170329,1.0,0.0151746408589569,1.0,-0.0100987453713535,0.0,-0.1171375508067529,0.0,-0.0826396613743451,
UPMC_c006_v001_r001_reg037,67636.0,UPMC_HNC,11407.0,0.4367493644253528,1.0,0.1112474796177785,1.0,-0.0117341810452109,,0.0029167988576962,,-0.1282883233401702,0.0,-0.0966316410246072,
UPMC_c006_v001_r001_reg036,67643.0,UPMC_HNC,18097.0,0.4003978559982317,0.0,0.1565452837486876,1.0,-0.018048474987464,0.0,-0.0048597121902172,,-0.1674287052888203,0.0,-0.0526843118046692,
UPMC_c006_v001_r001_reg035,67686.0,UPMC_HNC,9275.0,0.2939083557951482,0.0,0.0578975741239892,0.0,-0.0289354769778081,0.0,-0.001245182360887,,-0.1797563215330655,0.0,-0.1910334685067366,0.0
UPMC_c006_v001_r001_reg034,67645.0,UPMC_HNC,17968.0,0.4112310774710596,0.0,0.1659060552092609,1.0,-0.0236905245477483,0.0,-0.0016911193813947,,-0.0673574551753994,,-0.0252687595121678,
UPMC_c006_v001_r001_reg045,67679.0,UPMC_HNC,16801.0,0.2561752276650199,0.0,0.0849949407773346,1.0,0.0120700894070892,1.0,-0.0097154828482739,0.0,0.199244992085641,1.0,0.0609865103230721,1.0
UPMC_c006_v001_r001_reg046,67660.0,UPMC_HNC,16723.0,0.4611612748908689,1.0,0.0898164204987143,1.0,-0.0306531477987095,0.0,-0.001042891188081,,-0.1231918052620626,0.0,-0.116498887799301,
UPMC_c006_v001_r001_reg047,67626.0,UPMC_HNC,7637.0,0.6198769150189866,1.0,0.0607568416917637,1.0,-0.0233572808598237,0.0,0.0004545480839814,,-0.0531716114788249,,0.0042191969443828,
UPMC_c006_v001_r001_reg048,67638.0,UPMC_HNC,12370.0,0.4292643492320129,1.0,0.1409054163298302,1.0,0.0019368403599065,,-0.0087080795835605,0.0,-0.0814750660562089,,-0.0257119510315422,
UPMC_c006_v001_r001_reg049,67682.0,UPMC_HNC,5852.0,0.4278879015721121,1.0,0.0157211209842788,0.0,-0.0180121729720689,0.0,0.0027948997104516,,-0.2866849589849246,0.0,-0.1777614831315472,0.0
UPMC_c006_v001_r001_reg050,67662.0,UPMC_HNC,6391.0,0.4093256141448912,0.0,0.0344234079173838,0.0,0.0034238004741003,,0.0008365588044603,,-0.1724040998424328,0.0,-0.1212085955062987,0.0
UPMC_c006_v001_r001_reg051,67675.0,UPMC_HNC,7368.0,0.260043431053203,0.0,0.02442996742671,0.0,-0.034334123611318,0.0,0.0280227636187993,1.0,-0.2709528139808146,0.0,-0.1689217595398743,0.0
UPMC_c006_v001_r001_reg053,67691.0,UPMC_HNC,9764.0,0.3247644408029496,0.0,0.0516181892666939,0.0,-0.0189946806264391,0.0,0.0283957595769028,1.0,-0.2456527617160803,0.0,-0.2002729260111118,0.0
UPMC_c006_v001_r001_reg054,67688.0,UPMC_HNC,13897.0,0.3298553644671512,0.0,0.0817442613513708,1.0,-0.0215996816885013,0.0,-0.0033351703600603,,0.0524884489691029,,-0.0759989931272709,
UPMC_c006_v001_r001_reg055,67646.0,UPMC_HNC,9002.0,0.4755609864474561,1.0,0.0271050877582759,0.0,-0.0067701995082378,,-0.0252570956920439,0.0,-0.1115079936979053,0.0,0.2909703198528111,1.0
UPMC_c006_v001_r001_reg066,67685.0,UPMC_HNC,10512.0,0.5548896499238964,1.0,0.0231164383561643,0.0,-0.0231239489590364,0.0,4.505932279606773e-05,,-0.0037739597949963,,-0.1005830913072501,
UPMC_c006_v001_r001_reg065,67644.0,UPMC_HNC,14836.0,0.4857778376921003,1.0,0.0971286060932866,1.0,0.0020457464913425,,-0.0039235625915706,,-0.166836862894674,0.0,-0.1013867822125215,
UPMC_c006_v001_r001_reg064,67637.0,UPMC_HNC,11383.0,0.6412193622067996,1.0,0.0418167442677677,0.0,0.0150308055587718,1.0,-0.0135777518371622,0.0,-0.1646041427789904,0.0,0.3568542497235687,1.0
UPMC_c006_v001_r001_reg063,67649.0,UPMC_HNC,7677.0,0.441839260127654,1.0,0.1018627067865051,1.0,-0.0166311146099306,0.0,0.0088329276177539,,-0.1989741260444959,0.0,-0.111399250161414,
UPMC_c006_v001_r001_reg062,67687.0,UPMC_HNC,10536.0,0.483675018982536,1.0,0.0639711465451784,1.0,-0.001239363722496,,-0.0180606998691643,0.0,0.0120733279873017,,-0.0025972977113896,
UPMC_c006_v001_r001_reg061,67664.0,UPMC_HNC,5905.0,0.5920406435224386,1.0,0.0218458933107535,0.0,-0.0005914566118924,,0.0412252836248054,1.0,-0.1379743399626712,0.0,-0.1630586190387055,0.0
UPMC_c006_v001_r001_reg058,67690.0,UPMC_HNC,6901.0,0.5668743660339082,1.0,0.0192725691928705,0.0,-0.0075257947520659,,-0.0199554914719192,0.0,0.1359969734647603,1.0,-0.126757892018846,0.0
UPMC_c006_v001_r001_reg056,67668.0,UPMC_HNC,11128.0,0.308411214953271,0.0,0.0656901509705248,1.0,-0.0170117540833819,0.0,-0.0073406030680985,,-0.1470256864673188,0.0,-0.173840930773488,0.0
UPMC_c007_v001_r001_reg001,67660.0,UPMC_HNC,13174.0,0.4412479125550326,1.0,0.1827083649612874,1.0,-0.0227969168155907,0.0,0.0010975744660613,,-0.0709256405966849,,-0.0021937312181499,
UPMC_c007_v001_r001_reg002,67677.0,UPMC_HNC,4235.0,0.5334120425029516,1.0,0.0162927981109799,0.0,-0.0182537225780931,0.0,-0.0144061252499127,0.0,0.1256212512227987,1.0,0.3098697550910069,1.0
UPMC_c007_v001_r001_reg003,67621.0,UPMC_HNC,2037.0,0.2773686794305351,0.0,0.0687285223367697,1.0,0.1040739913559842,1.0,0.0018692577095258,,0.106094089947236,1.0,-0.1792767203138381,0.0
UPMC_c007_v001_r001_reg004,67636.0,UPMC_HNC,3177.0,0.6008813345923828,1.0,0.029902423670129,0.0,-0.0184141175168371,0.0,0.0019232592540344,,-0.0376140296781905,,-0.150760343871229,0.0
UPMC_c007_v001_r001_reg005,67677.0,UPMC_HNC,2056.0,0.6425097276264592,1.0,0.0286964980544747,0.0,-0.0049277659066287,,-0.0070420542281709,,0.1269126080945321,1.0,0.1628352521241247,1.0
UPMC_c007_v001_r001_reg006,67621.0,UPMC_HNC,1631.0,0.6198651134273452,1.0,0.0423053341508277,0.0,-4.050641488714812e-06,,0.0093837251604633,1.0,0.053328563700311,,-0.090827630943731,
UPMC_c007_v001_r001_reg007,67640.0,UPMC_HNC,9238.0,0.1906256765533665,0.0,0.0816193981381251,1.0,0.0180293759306139,1.0,-0.0061429279802825,,-0.0143748920356888,,-0.1244991716922503,0.0
UPMC_c007_v001_r001_reg008,67659.0,UPMC_HNC,5913.0,0.4794520547945205,1.0,0.0994419076610857,1.0,0.0055207262179873,,-0.0028351693560221,,-0.0593940710800626,,-0.0581788029641847,
UPMC_c007_v001_r001_reg009,67649.0,UPMC_HNC,5398.0,0.3636532048907002,0.0,0.1018895887365691,1.0,0.0295030757243952,1.0,-0.024120648196457,0.0,0.1476175879063683,1.0,0.4148475050052432,1.0
UPMC_c007_v001_r001_reg010,67691.0,UPMC_HNC,4399.0,0.4039554444191862,0.0,0.0186406001363946,0.0,0.0004346430484338,,-0.0238066100306016,0.0,0.0579034199861698,,0.4500464453197828,1.0
UPMC_c007_v001_r001_reg011,67686.0,UPMC_HNC,9182.0,0.2259856240470485,0.0,0.1068394685253757,1.0,-0.0151305469577313,,0.0153687809035613,1.0,-0.1029542250059012,0.0,-0.1369838579051794,0.0
UPMC_c007_v001_r001_reg021,67676.0,UPMC_HNC,4805.0,0.3452653485952133,0.0,0.0380853277835587,0.0,-0.0253033509109502,0.0,-0.0237807328905103,0.0,-0.0112958588787537,,-0.1538093966762099,0.0
UPMC_c007_v001_r001_reg019,67660.0,UPMC_HNC,2979.0,0.6132930513595166,1.0,0.0594159113796576,0.0,0.0994361243007067,1.0,0.0074221354670198,,0.4202459964183463,1.0,-0.0639790560806312,
UPMC_c007_v001_r001_reg018,67676.0,UPMC_HNC,2754.0,0.4146695715323166,0.0,0.055918663761801,0.0,-0.0232276903323939,0.0,-0.0162900625928874,0.0,0.0903004834111351,1.0,-0.0153734114063229,
UPMC_c007_v001_r001_reg017,67671.0,UPMC_HNC,2052.0,0.4951267056530214,1.0,0.0375243664717348,0.0,0.0124161241488513,1.0,-0.0415080169862819,0.0,0.1409326818580292,1.0,0.1193295495101779,1.0
UPMC_c007_v001_r001_reg015,67684.0,UPMC_HNC,3835.0,0.3176010430247718,0.0,0.1342894393741851,1.0,-0.0025272576353611,,-0.0283892321508345,0.0,0.1334708380617056,1.0,0.3775545120248591,1.0
UPMC_c007_v001_r001_reg014,67658.0,UPMC_HNC,9643.0,0.4623042621590791,1.0,0.0951985896505236,1.0,-0.0245788519085557,0.0,0.0056037724071799,,-0.0942934835017766,0.0,-0.1196543809509058,0.0
UPMC_c007_v001_r001_reg013,67690.0,UPMC_HNC,5405.0,0.6588344125809436,1.0,0.0103607770582793,0.0,-0.0364409792938332,0.0,0.015355083292528,1.0,-0.1131411327466169,0.0,-0.1782371248175651,0.0
UPMC_c007_v001_r001_reg012,67688.0,UPMC_HNC,8863.0,0.1819925533115198,0.0,0.1004174658693444,1.0,-0.0237056805756616,0.0,0.0049990528214721,,-0.0392805412126508,,-0.1400553453335929,0.0
UPMC_c007_v001_r001_reg024,67690.0,UPMC_HNC,7830.0,0.6130268199233716,1.0,0.0251596424010217,0.0,-0.0098366793546823,,-0.0096452030592526,0.0,0.0095382089705176,,-0.1352714163194374,0.0
UPMC_c007_v001_r001_reg025,67634.0,UPMC_HNC,5898.0,0.333841980332316,0.0,0.0588335028823329,0.0,0.0339297783080511,1.0,0.0012377670790703,,0.0459562527754249,,-0.1349893594159564,0.0
UPMC_c007_v001_r001_reg026,67685.0,UPMC_HNC,6816.0,0.4080105633802817,0.0,0.0554577464788732,0.0,0.0313872220434621,1.0,0.0067274190569567,,-0.0059070524331564,,0.0150442518271089,
UPMC_c007_v001_r001_reg027,67645.0,UPMC_HNC,6864.0,0.3732517482517482,0.0,0.1427738927738927,1.0,-0.0213928587542397,0.0,-0.0055400400123181,,-0.0679228567798892,,-0.0708302078267898,
UPMC_c007_v001_r001_reg029,67696.0,UPMC_HNC,3462.0,0.2559214326978625,0.0,0.0375505488157134,0.0,-0.0050305325518612,,0.0007634783656785,,0.1242900236418519,1.0,0.3403398265500151,1.0
UPMC_c007_v001_r001_reg031,67670.0,UPMC_HNC,6727.0,0.4516129032258064,1.0,0.0740300282443882,1.0,-0.0257812727512607,0.0,0.0111630998183912,1.0,-0.0736110202959667,,-0.1004667243184167,
UPMC_c007_v001_r001_reg032,67697.0,UPMC_HNC,7163.0,0.52994555353902,1.0,0.0418818930615663,0.0,-0.031141518267042,0.0,0.0078857032412034,,-0.0961873103127857,0.0,-0.1171251946125287,
UPMC_c007_v001_r001_reg033,67632.0,UPMC_HNC,4553.0,0.4607950801669229,1.0,0.0215242697122776,0.0,0.0102856445368303,1.0,-0.009008928329303,0.0,0.064542283359453,,0.0363500198896628,
UPMC_c007_v001_r001_reg043,67697.0,UPMC_HNC,8020.0,0.4534912718204489,1.0,0.0251870324189526,0.0,-0.0263399813998687,0.0,0.0011856401189227,,-0.1539214341827809,0.0,-0.2056144891161339,0.0
UPMC_c007_v001_r001_reg042,67647.0,UPMC_HNC,8418.0,0.4057971014492754,0.0,0.0926585887384176,1.0,0.0065975711599272,1.0,-0.0145485203888622,0.0,-0.0292799208650906,,-0.0590574769454717,
UPMC_c007_v001_r001_reg041,67686.0,UPMC_HNC,5560.0,0.2016187050359712,0.0,0.062410071942446,1.0,-0.0196720807100526,0.0,-0.002097071614501,,-0.0126594212130177,,-0.0541085793656055,
UPMC_c007_v001_r001_reg040,67646.0,UPMC_HNC,2965.0,0.3075885328836425,0.0,0.0580101180438448,0.0,0.0088886955621803,1.0,-0.0371856728360746,0.0,0.0036162728779664,,0.362556686730157,1.0
UPMC_c007_v001_r001_reg038,67640.0,UPMC_HNC,6275.0,0.2057370517928287,0.0,0.096414342629482,1.0,-0.0056019420715548,,0.0091805324308295,,-0.1150498544396342,0.0,-0.1291618572508404,0.0
UPMC_c007_v001_r001_reg037,67660.0,UPMC_HNC,7851.0,0.4449114762450643,1.0,0.084447841039358,1.0,-0.0298701628019107,0.0,-0.001122350252625,,0.0886596554326635,1.0,-0.0674596237978832,
UPMC_c007_v001_r001_reg036,67672.0,UPMC_HNC,2406.0,0.2377389858686616,0.0,0.155860349127182,1.0,-0.0261031556767452,0.0,0.0170401962374093,1.0,0.1304372726662112,1.0,-0.0037556650282914,
UPMC_c007_v001_r001_reg035,67699.0,UPMC_HNC,11505.0,0.7109952194697957,1.0,0.1060408518035636,1.0,-0.0176094198015431,0.0,0.0154450654742481,1.0,-0.1446204292650077,0.0,-0.0665972975361461,
UPMC_c007_v001_r001_reg034,67634.0,UPMC_HNC,5737.0,0.3177618964615653,0.0,0.1228865260589158,1.0,0.0184173413980806,1.0,-0.002529086174461,,-0.0896341515058415,,-0.0501670005895721,
UPMC_c007_v001_r001_reg046,67688.0,UPMC_HNC,3614.0,0.5960154952960708,1.0,0.0423353624792473,0.0,-0.0184259271091353,0.0,0.0126454764077596,1.0,0.1260168802055655,1.0,-0.1480585521248621,0.0
UPMC_c007_v001_r001_reg047,67668.0,UPMC_HNC,5998.0,0.4283094364788263,1.0,0.0688562854284761,1.0,-0.0128784522363604,,-9.881681300716665e-05,,-0.0050664681824673,,-0.039567653241714,
UPMC_c007_v001_r001_reg049,67641.0,UPMC_HNC,5807.0,0.3528500086102979,0.0,0.1298432925779232,1.0,0.0394099100953312,1.0,-0.0025722095824385,,-0.1299126537769273,0.0,-0.0871311967960877,
UPMC_c007_v001_r001_reg050,67689.0,UPMC_HNC,4188.0,0.4429321872015281,1.0,0.0575453677172874,0.0,0.0271111573461444,1.0,-0.0114932429446799,0.0,0.0551947081180957,,0.4081243188323077,1.0
UPMC_c007_v001_r001_reg051,67626.0,UPMC_HNC,5824.0,0.5094436813186813,1.0,0.0314217032967032,0.0,-0.0287612577924644,0.0,0.0085534753668366,,-0.0695188072199836,,-0.1317801246703681,0.0
UPMC_c007_v001_r001_reg052,67635.0,UPMC_HNC,7538.0,0.4781109047492703,1.0,0.1390289201379676,1.0,0.030973426212734,1.0,-0.0026432895698064,,0.1155783827192613,1.0,0.1043447985689305,1.0
UPMC_c007_v001_r001_reg053,67647.0,UPMC_HNC,9076.0,0.6683561040105773,1.0,0.0265535478184222,0.0,-0.0137478028440959,,0.0220060135820021,1.0,-0.1763440308940051,0.0,-0.1657512000998926,0.0
UPMC_c007_v001_r001_reg063,67636.0,UPMC_HNC,7118.0,0.5015453779151448,1.0,0.0663107614498454,1.0,0.0197636376419145,1.0,-0.0227720917052194,0.0,0.1579859314119598,1.0,0.3385299376656525,1.0
UPMC_c007_v001_r001_reg062,67691.0,UPMC_HNC,2685.0,0.4167597765363128,0.0,0.0543761638733705,0.0,-0.0221272400546322,0.0,0.0167255326401144,1.0,-0.030910814218678,,-0.1035581676104369,
UPMC_c007_v001_r001_reg061,67632.0,UPMC_HNC,2587.0,0.365287978353305,0.0,0.0328565906455353,0.0,0.0876176785101652,1.0,0.0224903186987256,1.0,-0.1827600913542127,0.0,0.4601249459754027,1.0
UPMC_c007_v001_r001_reg060,67679.0,UPMC_HNC,3941.0,0.1804110631819335,0.0,0.0647043897487947,1.0,0.002713087075614,,-0.0017131150198925,,0.1372444895865793,1.0,0.1756150030067922,1.0
UPMC_c007_v001_r001_reg059,67644.0,UPMC_HNC,1908.0,0.2416142557651991,0.0,0.090670859538784,1.0,-0.0108606028106143,,0.0245528241732414,1.0,0.219028398737291,1.0,0.388000374588126,1.0
UPMC_c007_v001_r001_reg058,67621.0,UPMC_HNC,3812.0,0.2408184679958027,0.0,0.1259181532004197,1.0,-0.0012736294159498,,0.010937233004034,1.0,-0.0585170745438876,,-0.0828573592223195,
UPMC_c007_v001_r001_reg057,67698.0,UPMC_HNC,3351.0,0.2527603700387943,0.0,0.0495374515070128,0.0,-0.0330814932117936,0.0,0.0177759382142726,1.0,-0.0417987811658993,,0.1392921503041319,1.0
UPMC_c007_v001_r001_reg056,67637.0,UPMC_HNC,3567.0,0.312587608634707,0.0,0.0916736753574432,1.0,0.0013603981454488,,-0.0709657079570154,0.0,-0.0277424152930066,,0.6949051906799721,1.0
UPMC_c007_v001_r001_reg055,67638.0,UPMC_HNC,10604.0,0.4606752168992833,1.0,0.1207091663523198,1.0,-0.002925714930708,,0.0043130790987696,,-0.0414201643952383,,0.0296808790704476,
UPMC_c007_v001_r001_reg054,67643.0,UPMC_HNC,12707.0,0.4750924687180294,1.0,0.0720075548910049,1.0,0.002778835069048,,0.003192955292561,,0.0894571175986905,1.0,-0.0665339470833477,
s271_c001_v001_r001_reg001,6092.0,DFCI_HNC,1967.0,0.1611591255719369,0.0,0.0732079308591764,1.0,-0.018282881450039,0.0,0.0025688332880036,,0.1820740033462748,1.0,0.2627697135899675,1.0
s271_c001_v001_r001_reg007,6111.0,DFCI_HNC,4202.0,0.1999048072346501,0.0,0.0649690623512613,1.0,-0.0231755156689709,0.0,-0.0098667937735003,0.0,0.0886777419734551,1.0,-0.0367794684248883,
s271_c001_v001_r001_reg012,6121.0,DFCI_HNC,2045.0,0.1383863080684596,0.0,0.0004889975550122,0.0,,,-0.0021792581194405,,0.0154865314011307,,,
s271_c001_v001_r001_reg014,6114.0,DFCI_HNC,620.0,0.1064516129032258,0.0,0.0016129032258064,0.0,,,-0.007288873961352,,-0.1563919907457751,0.0,,
s271_c001_v001_r001_reg018,6105.0,DFCI_HNC,2148.0,0.3235567970204842,0.0,0.0782122905027933,1.0,0.0071899632511333,1.0,-0.002598906136686,,0.0055477048571985,,-0.1314710220876799,0.0
s271_c001_v001_r001_reg022,6092.0,DFCI_HNC,3154.0,0.3722257450856056,0.0,0.082435003170577,1.0,-0.0165238626845105,0.0,-0.0003269808001579,,0.0421494421132545,,-0.135766877760258,0.0
s271_c001_v001_r001_reg023,6092.0,DFCI_HNC,2180.0,0.1169724770642201,0.0,0.1197247706422018,1.0,0.0281885594539091,1.0,-0.0013667871483099,,0.2330233167838915,1.0,0.5111359890153853,1.0
s271_c001_v001_r001_reg029,6121.0,DFCI_HNC,2474.0,0.4025869037995149,0.0,0.0016168148746968,0.0,,,0.0016033346238333,,0.080588889627042,1.0,,
s271_c001_v001_r001_reg047,6104.0,DFCI_HNC,2163.0,0.5903837263060564,1.0,0.0388349514563106,0.0,-0.0169228739481632,0.0,0.0080002137404826,,-0.0050000619170519,,-0.1730928944047375,0.0
s271_c001_v001_r001_reg054,6113.0,DFCI_HNC,3727.0,0.0651998926750737,0.0,0.1486450228065468,1.0,-0.012616325588724,,-0.0173214634353008,0.0,0.2395116866342285,1.0,0.020713375078328,
s271_c001_v001_r001_reg055,6110.0,DFCI_HNC,2680.0,0.3772388059701492,0.0,0.0634328358208955,1.0,0.0115082888454319,1.0,0.0033327473577412,,0.267230074353608,1.0,0.618282103309804,1.0
s271_c001_v001_r001_reg056,6107.0,DFCI_HNC,1715.0,0.4180758017492711,0.0,0.1504373177842565,1.0,0.0008511784929841,,0.0127497004483051,1.0,0.0628161550363681,,-0.0302991281823795,
s271_c001_v001_r001_reg057,6104.0,DFCI_HNC,2342.0,0.601195559350982,1.0,0.0358667805294619,0.0,-0.0343772810005792,0.0,0.0123442936024455,1.0,-0.0805989810643759,,-0.1748103614361585,0.0
s271_c001_v001_r001_reg059,6094.0,DFCI_HNC,906.0,0.2924944812362031,0.0,0.0121412803532008,0.0,-0.0520574613267629,0.0,0.0315701719836719,1.0,0.3171700343702501,1.0,0.0110837305238126,
s271_c001_v001_r001_reg063,6097.0,DFCI_HNC,2626.0,0.2185833968012185,0.0,0.0175171363290175,0.0,-0.0277763847919492,0.0,0.0145398649527987,1.0,0.0024957186156113,,-0.268584771707324,0.0
s271_c001_v001_r001_reg066,6113.0,DFCI_HNC,2657.0,0.087316522393677,0.0,0.1129092961987203,1.0,-0.0097060738026225,,-0.0121526014832314,0.0,0.2324915112952548,1.0,0.2599474728526728,1.0
s271_c001_v001_r001_reg081,6102.0,DFCI_HNC,3495.0,0.5605150214592275,1.0,0.0123032904148783,0.0,-0.0403506463539982,0.0,0.0162217195412983,1.0,-0.0006309561004954,,-0.2118519858795104,0.0
s271_c001_v001_r001_reg083,6109.0,DFCI_HNC,4423.0,0.1352023513452407,0.0,0.0538096314718516,0.0,-0.0380652437205283,0.0,-0.0127153010647598,0.0,0.0583236362223381,,-0.1797292366321202,0.0
s271_c001_v001_r001_reg085,6115.0,DFCI_HNC,2979.0,0.3470963410540449,0.0,0.2628398791540785,1.0,0.0594692156458075,1.0,-0.0144350349159757,0.0,0.2252669026461972,1.0,0.704878111323455,1.0
s271_c001_v001_r001_reg086,6119.0,DFCI_HNC,2181.0,0.5804676753782668,1.0,0.0045850527281063,0.0,-0.0453388638712486,0.0,0.0242569327565137,1.0,-0.018060315505412,,-0.1178280419572369,
s271_c001_v001_r001_reg088,6112.0,DFCI_HNC,874.0,0.5102974828375286,1.0,0.0183066361556064,0.0,-0.0492709135799232,0.0,0.0008835216682456,,0.3489067145809628,1.0,-0.0886235059378266,
s271_c001_v001_r001_reg090,6102.0,DFCI_HNC,2037.0,0.4855179185076092,1.0,0.0191458026509572,0.0,-0.0250829854116252,0.0,-0.0051553012159337,,0.110422144821788,1.0,-0.191516028645711,0.0
s271_c001_v001_r001_reg094,6090.0,DFCI_HNC,3996.0,0.1831831831831832,0.0,0.1283783783783783,1.0,0.0081140241263303,1.0,-0.0087899165788065,0.0,0.0223097963696299,,-0.1070328804395247,
s271_c001_v001_r001_reg096,6096.0,DFCI_HNC,2026.0,0.5034550839091807,1.0,0.111056268509378,1.0,-0.0012826550131625,,-0.0185955279796822,0.0,0.2622726829801127,1.0,0.030175104272293,
s271_c001_v001_r001_reg109,6099.0,DFCI_HNC,2493.0,0.5399117529081428,1.0,0.0405134376253509,0.0,-0.0152766071430959,,-0.0305448288804241,0.0,0.1180085387712268,1.0,-0.1308237414569833,0.0
s271_c001_v001_r001_reg110,6096.0,DFCI_HNC,2442.0,0.319000819000819,0.0,0.0601965601965601,1.0,-0.0115264315107572,,-0.0159445984712656,0.0,0.1373290038150386,1.0,0.5245417906746023,1.0
s271_c001_v001_r001_reg005,6105.0,DFCI_HNC,2126.0,0.2897460018814675,0.0,0.0865475070555032,1.0,-0.0176231447602023,0.0,-0.0021530327768356,,-0.1088905161072502,0.0,-0.1146050012055228,
s271_c001_v001_r001_reg009,6121.0,DFCI_HNC,1505.0,0.2996677740863787,0.0,0.0046511627906976,0.0,-0.0273307643663313,0.0,-0.0034167059062505,,0.2548688352418143,1.0,-0.269698273114318,0.0
s271_c001_v001_r001_reg015,6114.0,DFCI_HNC,1430.0,0.1559440559440559,0.0,0.0125874125874125,0.0,-0.0519483475646877,0.0,-0.0124275243268617,0.0,0.3046899075419383,1.0,0.0469843164353969,1.0
s271_c001_v001_r001_reg016,6111.0,DFCI_HNC,3023.0,0.2963943102877935,0.0,0.1151174330135626,1.0,0.0252144460107434,1.0,0.0041572874870454,,0.0131176470273156,,0.5059941828026916,1.0
s271_c001_v001_r001_reg019,6101.0,DFCI_HNC,959.0,0.4994786235662148,1.0,0.0656934306569343,1.0,0.0101871317002285,1.0,0.0269389975974825,1.0,0.0134852142295421,,-0.1245237370648804,0.0
s271_c001_v001_r001_reg028,6118.0,DFCI_HNC,2397.0,0.3304130162703379,0.0,0.2586566541510221,1.0,-0.0026767593950556,,0.0056581129006194,,0.0359544755109755,,0.0783441276220187,1.0
s271_c001_v001_r001_reg034,6118.0,DFCI_HNC,2949.0,0.2919633774160732,0.0,0.2563580874872838,1.0,-0.0155708680152157,,-0.0030221924014083,,0.1042978179634334,1.0,0.0772263640335865,1.0
s271_c001_v001_r001_reg035,6117.0,DFCI_HNC,1334.0,0.2751124437781109,0.0,0.2286356821589205,1.0,0.0381381992130669,1.0,-0.0021734676353024,,0.3088798832747717,1.0,0.6325450256219284,1.0
s271_c001_v001_r001_reg048,6107.0,DFCI_HNC,2307.0,0.3107932379713914,0.0,0.1521456436931079,1.0,-0.0303384365343721,0.0,-0.0009270337424452,,-0.0514552565756403,,-0.0572512269229485,
s271_c001_v001_r001_reg049,6110.0,DFCI_HNC,5165.0,0.1341723136495643,0.0,0.0458857696030977,0.0,-0.0169267680626595,0.0,-0.0146819198529198,0.0,-0.0553588181862214,,-0.2191326922871318,0.0
s271_c001_v001_r001_reg052,6117.0,DFCI_HNC,3679.0,0.1269366675727099,0.0,0.0421310138624626,0.0,-0.029033833660847,0.0,-0.0108197229768714,0.0,0.112911265232995,1.0,-0.1450329685346985,0.0
s271_c001_v001_r001_reg053,6120.0,DFCI_HNC,3367.0,0.0671220671220671,0.0,0.008019008019008,0.0,-0.0364243510120627,0.0,-0.0163588696734546,0.0,0.2578829211527733,1.0,0.2840876477438228,1.0
s271_c001_v001_r001_reg058,6097.0,DFCI_HNC,2000.0,0.4315,1.0,0.001,0.0,,,0.0242603634329709,1.0,0.0223817974092406,,,
s271_c001_v001_r001_reg060,6091.0,DFCI_HNC,1503.0,0.4870259481037924,1.0,0.0133067198935462,0.0,-0.0394061163892357,0.0,0.0275305151297528,1.0,-0.0752420417603064,,-0.2241919192546222,0.0
s271_c001_v001_r001_reg067,6116.0,DFCI_HNC,2631.0,0.3359939186621056,0.0,0.185860889395667,1.0,-0.0080531137769411,,0.0005236427343781,,0.2228217326994528,1.0,0.1807700509582762,1.0
s271_c001_v001_r001_reg071,6116.0,DFCI_HNC,2809.0,0.324314702741189,0.0,0.1861872552509789,1.0,-0.0129724143090455,,-0.0006109760442486,,0.0090037514359854,,-0.0109822909639291,
s271_c001_v001_r001_reg077,6091.0,DFCI_HNC,2261.0,0.2007961079168509,0.0,0.0928792569659442,1.0,0.0099888301705971,1.0,-0.0059905867709494,,0.1589043722059272,1.0,0.0653779624199439,1.0
s271_c001_v001_r001_reg079,6093.0,DFCI_HNC,2609.0,0.1299348409352242,0.0,0.0425450364124185,0.0,-0.0058341711951995,,-0.0172387439491361,0.0,0.3051640708495609,1.0,0.205822381119282,1.0
s271_c001_v001_r001_reg087,6115.0,DFCI_HNC,1883.0,0.3956452469463621,0.0,0.1428571428571428,1.0,-0.0250626227020926,0.0,0.0031175052110874,,0.0269285296567357,,-0.0416529072301459,
s271_c001_v001_r001_reg089,6109.0,DFCI_HNC,3585.0,0.1804741980474198,0.0,0.0694560669456067,1.0,0.026813840875014,1.0,-0.01221579144861,0.0,0.3100464491341818,1.0,0.062514013547308,1.0
s271_c001_v001_r001_reg097,6099.0,DFCI_HNC,2857.0,0.6513825691284564,1.0,0.0661533076653832,1.0,-0.0211478610829617,0.0,0.021772826820635,1.0,0.0315137512015203,,-0.0958427418639145,
s271_c001_v001_r001_reg103,6119.0,DFCI_HNC,2189.0,0.5125628140703518,1.0,0.0077661032434901,0.0,-0.0372210224546246,0.0,-0.0388619672151978,0.0,0.1096173095769833,1.0,0.1853575397360767,1.0
s271_c001_v001_r001_reg104,6119.0,DFCI_HNC,1974.0,0.5263424518743668,1.0,0.0015197568389057,0.0,,,0.0257931942516128,1.0,-0.1018421113242755,0.0,,
s271_c001_v001_r001_reg112,6090.0,DFCI_HNC,1270.0,0.4228346456692913,1.0,0.0314960629921259,0.0,-0.0194117065724414,0.0,-0.0143926666139714,0.0,0.1065631146360789,1.0,-0.1132849856039285,
s271_c001_v001_r001_reg004,6101.0,DFCI_HNC,1671.0,0.5715140634350688,1.0,0.0700179533213644,1.0,-0.0326053906610495,0.0,0.0155587934085194,1.0,0.0770468031452029,1.0,-0.1204311175380452,0.0
s271_c001_v001_r001_reg006,6108.0,DFCI_HNC,2377.0,0.4312158182583088,1.0,0.0597391670172486,1.0,-0.0273012167930514,0.0,-0.0030529531357982,,0.1249570763685489,1.0,-0.0003014292212706,
s271_c001_v001_r001_reg017,6108.0,DFCI_HNC,2149.0,0.4625407166123778,1.0,0.0479292694276407,0.0,-0.0293316306770706,0.0,0.0055276801247015,,-0.0840924815010325,,-0.1271024289688944,0.0
s271_c001_v001_r001_reg024,6095.0,DFCI_HNC,2308.0,0.6438474870017331,1.0,0.0190641247833622,0.0,-0.033213862013267,0.0,0.0007078012911106,,-0.0916020035186838,,-0.1652382674269529,0.0
s271_c001_v001_r001_reg061,6091.0,DFCI_HNC,1442.0,0.5339805825242718,1.0,0.0166435506241331,0.0,-0.0355633987280705,0.0,-0.0460241612501781,0.0,0.0815891482895742,1.0,-0.127991508727905,0.0
s271_c001_v001_r001_reg068,6120.0,DFCI_HNC,1095.0,0.1515981735159817,0.0,0.0301369863013698,0.0,-0.0398027908078922,0.0,-0.0111545952166532,0.0,0.2156781512598077,1.0,0.0681623727017693,1.0
s271_c001_v001_r001_reg082,6106.0,DFCI_HNC,1805.0,0.0481994459833795,0.0,0.0803324099722991,1.0,-0.0163187722369678,0.0,-0.0183498641024133,0.0,-0.2160916647996248,0.0,0.771675294973461,1.0
s271_c001_v001_r001_reg092,6093.0,DFCI_HNC,1469.0,0.5207624234172906,1.0,0.0006807351940095,0.0,,,0.0044469983021584,,-0.1423834631024901,0.0,,
