task,scheme,model,class,feature,n_datasets,mean_abs_shap,median_abs_shap,mean_value_shap_spearman,dataset_direction_agreement
CLR_DII,cv,logistic,1,tcn_fraction__4,1,0.062988022065542,0.062988022065542,-0.9999999999999999,1.0
CLR_DII,cv,logistic,1,tcn_fraction__5,1,0.0445421245999624,0.0445421245999624,-0.25,1.0
CLR_DII,cv,logistic,1,tcn_fraction__1,1,0.04447168210676022,0.04447168210676022,0.9999999999999998,1.0
CLR_DII,cv,logistic,1,tcn_fraction__3,1,0.026567909549951953,0.026567909549951953,-2.7755575615628914e-17,1.0
CLR_DII,cv,logistic,1,tcn_fraction__2,1,0.02307713457587648,0.02307713457587648,-0.09090909090909087,1.0
DSS,cv,cox,risk,tcn_fraction__2,1,0.059268124356014855,0.059268124356014855,-1.0,1.0
DSS,cv,cox,risk,tcn_fraction__5,1,0.044577831266749884,0.044577831266749884,1.0,1.0
DSS,cv,cox,risk,tcn_fraction__3,1,0.02827252249694335,0.02827252249694335,0.6,1.0
DSS,cv,cox,risk,tcn_fraction__4,1,0.02379941320435133,0.02379941320435133,-0.7333333333333333,1.0
DSS,cv,cox,risk,tcn_fraction__1,1,0.016097548897424853,0.016097548897424853,0.4666666666666667,1.0
ER_status,cv,logistic,1,tcn_fraction__5,1,0.18901325228225724,0.18901325228225724,-1.0,1.0
ER_status,cv,logistic,1,tcn_fraction__4,1,0.12646840207931848,0.12646840207931848,1.0,1.0
ER_status,cv,logistic,1,tcn_fraction__2,1,0.08573924199432831,0.08573924199432831,-1.0,1.0
ER_status,cv,logistic,1,tcn_fraction__3,1,0.015146840889564053,0.015146840889564053,1.0,1.0
ER_status,cv,logistic,1,tcn_fraction__1,1,0.015021781698194773,0.015021781698194773,1.0,1.0
OS,cv,cox,risk,tcn_fraction__3,4,0.04490766284123737,0.028230784621403937,-0.13333333333333336,0.5
OS,cv,cox,risk,tcn_fraction__4,4,0.03821231605430944,0.020393538049087705,-0.16666666666666669,0.5
OS,cv,cox,risk,tcn_fraction__2,4,0.0372383478986868,0.03380524678886662,0.4666666666666667,0.75
OS,cv,cox,risk,tcn_fraction__5,4,0.031822174460101646,0.0399801371858357,0.13333333333333333,0.5
OS,cv,cox,risk,tcn_fraction__1,4,0.0234946003660265,0.020193642883388003,-0.5666666666666667,1.0
clinical_type,Basel_to_Zurich,logistic,HR+HER2+,tcn_fraction__5,1,0.12551205870310367,0.12551205870310367,-1.0,1.0
clinical_type,Basel_to_Zurich,logistic,HR+HER2+,tcn_fraction__3,1,0.07340997505874715,0.07340997505874715,-1.0,1.0
clinical_type,Basel_to_Zurich,logistic,HR+HER2+,tcn_fraction__1,1,0.06300970242676135,0.06300970242676135,1.0,1.0
clinical_type,Basel_to_Zurich,logistic,HR+HER2+,tcn_fraction__2,1,0.0,0.0,,
clinical_type,Basel_to_Zurich,logistic,HR+HER2+,tcn_fraction__4,1,0.0,0.0,,
clinical_type,Basel_to_Zurich,logistic,HR+HER2-,tcn_fraction__5,1,0.054634184354980374,0.054634184354980374,1.0,1.0
clinical_type,Basel_to_Zurich,logistic,HR+HER2-,tcn_fraction__3,1,0.008484179622908126,0.008484179622908126,-1.0,1.0
clinical_type,Basel_to_Zurich,logistic,HR+HER2-,tcn_fraction__1,1,0.0,0.0,,
clinical_type,Basel_to_Zurich,logistic,HR+HER2-,tcn_fraction__2,1,0.0,0.0,,
clinical_type,Basel_to_Zurich,logistic,HR+HER2-,tcn_fraction__4,1,0.0,0.0,,
clinical_type,Basel_to_Zurich,logistic,HR-HER2+,tcn_fraction__3,1,0.2114739651223377,0.2114739651223377,1.0,1.0
clinical_type,Basel_to_Zurich,logistic,HR-HER2+,tcn_fraction__1,1,0.134799190421943,0.134799190421943,-1.0,1.0
clinical_type,Basel_to_Zurich,logistic,HR-HER2+,tcn_fraction__2,1,0.09038082144735304,0.09038082144735304,1.0,1.0
clinical_type,Basel_to_Zurich,logistic,HR-HER2+,tcn_fraction__5,1,0.02214601354030922,0.02214601354030922,-1.0,1.0
clinical_type,Basel_to_Zurich,logistic,HR-HER2+,tcn_fraction__4,1,0.0,0.0,,
clinical_type,Basel_to_Zurich,logistic,TripleNeg,tcn_fraction__4,1,0.1887854091917913,0.1887854091917913,-1.0,1.0
clinical_type,Basel_to_Zurich,logistic,TripleNeg,tcn_fraction__2,1,0.09775050082487217,0.09775050082487217,-1.0,1.0
clinical_type,Basel_to_Zurich,logistic,TripleNeg,tcn_fraction__3,1,0.029167793548308535,0.029167793548308535,1.0,1.0
clinical_type,Basel_to_Zurich,logistic,TripleNeg,tcn_fraction__5,1,0.016340187895332984,0.016340187895332984,1.0,1.0
clinical_type,Basel_to_Zurich,logistic,TripleNeg,tcn_fraction__1,1,0.0,0.0,,
clinical_type,cv,logistic,HR+HER2+,tcn_fraction__5,1,0.11527256785691732,0.11527256785691732,-1.0,1.0
clinical_type,cv,logistic,HR+HER2+,tcn_fraction__1,1,0.06142580965350608,0.06142580965350608,1.0,1.0
clinical_type,cv,logistic,HR+HER2+,tcn_fraction__3,1,0.05565143178380849,0.05565143178380849,-1.0,1.0
clinical_type,cv,logistic,HR+HER2+,tcn_fraction__4,1,0.025667758729887045,0.025667758729887045,1.0,1.0
clinical_type,cv,logistic,HR+HER2+,tcn_fraction__2,1,0.012478278838672273,0.012478278838672273,1.0,1.0
clinical_type,cv,logistic,HR+HER2-,tcn_fraction__5,1,0.05744423941418184,0.05744423941418184,1.0,1.0
clinical_type,cv,logistic,HR+HER2-,tcn_fraction__3,1,0.020254620360398046,0.020254620360398046,-0.8333333333333334,1.0
clinical_type,cv,logistic,HR+HER2-,tcn_fraction__4,1,0.018888508928559915,0.018888508928559915,0.6363636363636362,1.0
clinical_type,cv,logistic,HR+HER2-,tcn_fraction__1,1,0.005429489994662834,0.005429489994662834,-0.9999999999999999,1.0
clinical_type,cv,logistic,HR+HER2-,tcn_fraction__2,1,0.0008981301890261457,0.0008981301890261457,0.3333333333333333,1.0
clinical_type,cv,logistic,HR-HER2+,tcn_fraction__3,1,0.15564307263074778,0.15564307263074778,1.0,1.0
clinical_type,cv,logistic,HR-HER2+,tcn_fraction__1,1,0.15070566061906546,0.15070566061906546,-1.0,1.0
clinical_type,cv,logistic,HR-HER2+,tcn_fraction__2,1,0.06568496804963742,0.06568496804963742,1.0,1.0
clinical_type,cv,logistic,HR-HER2+,tcn_fraction__5,1,0.04785217300287507,0.04785217300287507,-1.0,1.0
clinical_type,cv,logistic,HR-HER2+,tcn_fraction__4,1,0.007677234116832447,0.007677234116832447,-0.2,1.0
clinical_type,cv,logistic,TripleNeg,tcn_fraction__4,1,0.13624899298194787,0.13624899298194787,-0.9999999999999999,1.0
clinical_type,cv,logistic,TripleNeg,tcn_fraction__2,1,0.06867986200083857,0.06867986200083857,-1.0,1.0
clinical_type,cv,logistic,TripleNeg,tcn_fraction__5,1,0.03642107628907779,0.03642107628907779,1.0,1.0
clinical_type,cv,logistic,TripleNeg,tcn_fraction__3,1,0.03581661538936914,0.03581661538936914,0.8181818181818182,1.0
clinical_type,cv,logistic,TripleNeg,tcn_fraction__1,1,0.010609637949190091,0.010609637949190091,1.0,1.0
hpv_status,cv,logistic,1,tcn_fraction__2,1,0.13209225743051428,0.13209225743051428,-1.0,1.0
hpv_status,cv,logistic,1,tcn_fraction__4,1,0.12208428893093001,0.12208428893093001,1.0,1.0
hpv_status,cv,logistic,1,tcn_fraction__3,1,0.04931370359577978,0.04931370359577978,1.0,1.0
hpv_status,cv,logistic,1,tcn_fraction__1,1,0.02529363065505611,0.02529363065505611,-1.0,1.0
hpv_status,cv,logistic,1,tcn_fraction__5,1,0.021293180476696368,0.021293180476696368,-0.33333333333333326,1.0
immunotherapy_response,Yale_to_UQ,logistic,1,tcn_fraction__5,1,0.2861458999479609,0.2861458999479609,0.9999999999999997,1.0
immunotherapy_response,Yale_to_UQ,logistic,1,tcn_fraction__4,1,0.105225166696624,0.105225166696624,0.9999999999999997,1.0
immunotherapy_response,Yale_to_UQ,logistic,1,tcn_fraction__2,1,0.028261777619857705,0.028261777619857705,-0.9999999999999997,1.0
immunotherapy_response,Yale_to_UQ,logistic,1,tcn_fraction__1,1,0.0,0.0,,
immunotherapy_response,Yale_to_UQ,logistic,1,tcn_fraction__3,1,0.0,0.0,,
immunotherapy_response,Yale_to_YaleExt,logistic,1,tcn_fraction__5,1,0.3844931694473299,0.3844931694473299,1.0,1.0
immunotherapy_response,Yale_to_YaleExt,logistic,1,tcn_fraction__4,1,0.11684962591576979,0.11684962591576979,1.0,1.0
immunotherapy_response,Yale_to_YaleExt,logistic,1,tcn_fraction__2,1,0.03949711117316933,0.03949711117316933,-0.9999999999999997,1.0
immunotherapy_response,Yale_to_YaleExt,logistic,1,tcn_fraction__1,1,0.0,0.0,,
immunotherapy_response,Yale_to_YaleExt,logistic,1,tcn_fraction__3,1,0.0,0.0,,
pCR_all,cv,logistic,1,tcn_fraction__5,1,0.11181112716089407,0.11181112716089407,1.0,1.0
pCR_all,cv,logistic,1,tcn_fraction__1,1,0.06324244007557009,0.06324244007557009,-1.0,1.0
pCR_all,cv,logistic,1,tcn_fraction__3,1,0.05530551537028613,0.05530551537028613,-1.0,1.0
pCR_all,cv,logistic,1,tcn_fraction__4,1,0.03313200568439158,0.03313200568439158,0.9999999999999999,1.0
pCR_all,cv,logistic,1,tcn_fraction__2,1,0.002949106380391338,0.002949106380391338,1.0,1.0
primary_outcome,UPMC_to_DFCI,logistic,1,tcn_fraction__4,1,0.25947294493217626,0.25947294493217626,1.0,1.0
primary_outcome,UPMC_to_DFCI,logistic,1,tcn_fraction__3,1,0.1874266655070895,0.1874266655070895,-1.0,1.0
primary_outcome,UPMC_to_DFCI,logistic,1,tcn_fraction__1,1,0.08613319655942604,0.08613319655942604,1.0,1.0
primary_outcome,UPMC_to_DFCI,logistic,1,tcn_fraction__2,1,0.06044812594634508,0.06044812594634508,-1.0,1.0
primary_outcome,UPMC_to_DFCI,logistic,1,tcn_fraction__5,1,0.0,0.0,,
primary_outcome,cv,logistic,1,tcn_fraction__4,1,0.11608713858122406,0.11608713858122406,1.0,1.0
primary_outcome,cv,logistic,1,tcn_fraction__3,1,0.10370303023208056,0.10370303023208056,-1.0,1.0
primary_outcome,cv,logistic,1,tcn_fraction__1,1,0.038934142958350244,0.038934142958350244,1.0,1.0
primary_outcome,cv,logistic,1,tcn_fraction__2,1,0.03792440884619874,0.03792440884619874,-1.0,1.0
primary_outcome,cv,logistic,1,tcn_fraction__5,1,0.011832767622525171,0.011832767622525171,-1.850371707708594e-17,1.0
response,cv,logistic,1,tcn_fraction__3,1,0.1699464901787879,0.1699464901787879,-1.0,1.0
response,cv,logistic,1,tcn_fraction__2,1,0.04221998116744972,0.04221998116744972,-0.8333333333333334,1.0
response,cv,logistic,1,tcn_fraction__1,1,0.018709813296974485,0.018709813296974485,0.42857142857142855,1.0
response,cv,logistic,1,tcn_fraction__4,1,0.01672656225414474,0.01672656225414474,1.0,1.0
response,cv,logistic,1,tcn_fraction__5,1,0.013279489519044256,0.013279489519044256,0.7142857142857143,1.0
stage_binary,cv,logistic,1,tcn_fraction__2,1,0.08483036315537992,0.08483036315537992,1.0,1.0
stage_binary,cv,logistic,1,tcn_fraction__5,1,0.038177443663096285,0.038177443663096285,1.0,1.0
stage_binary,cv,logistic,1,tcn_fraction__3,1,0.03803943426493938,0.03803943426493938,-1.0,1.0
stage_binary,cv,logistic,1,tcn_fraction__1,1,0.016706357957827125,0.016706357957827125,-1.0,1.0
stage_binary,cv,logistic,1,tcn_fraction__4,1,0.004671746310373825,0.004671746310373825,-0.6,1.0
