dataset,task,scheme,model,class,feature,mean_abs_shap,sd_abs_shap,mean_shap,value_shap_spearman,top_fold_frequency,n_fold_models,n_explained_regions,direction_consistency,direction
bc_jackson2020,DFS,cv,cox,risk,Tumor (CK7+),0.12360840753643079,0.025369754030302952,-0.00044230578845602154,-1.0,1.0,15,1128,1.0,higher value decreases prediction
bc_jackson2020,DFS,cv,cox,risk,Stroma (Large elongated),0.0874389431692226,0.028389893765018666,0.0027509445733714575,1.0,1.0,15,1128,1.0,higher value increases prediction
bc_jackson2020,DFS,cv,cox,risk,Stroma (Fibronectin hi),0.06643413017278774,0.03785250822919432,0.0033787096865338295,1.0,0.9333333333333333,15,1128,1.0,higher value increases prediction
bc_jackson2020,DFS,cv,cox,risk,Tumor (Epithelial low),0.06083094414500838,0.01798203952029934,-0.00041278325696363533,1.0,1.0,15,1128,1.0,higher value increases prediction
bc_jackson2020,DFS,cv,cox,risk,Tumor (Apoptotic),0.06034055524646514,0.02550541734386805,-0.003468937083864418,-1.0,1.0,15,1128,1.0,higher value decreases prediction
bc_jackson2020,DFS,cv,cox,risk,Tumor (CK lo HR lo),0.057190240730051155,0.016405065740187498,0.0007020615388121707,1.0,1.0,15,1128,1.0,higher value increases prediction
bc_jackson2020,DFS,cv,cox,risk,Stroma (Small circular),0.05348900404075732,0.02887544080118616,-0.0022066081132669697,-1.0,1.0,15,1128,1.0,higher value decreases prediction
bc_jackson2020,DFS,cv,cox,risk,B cell,0.050335532108037526,0.026576831222375277,-0.0013333282977479946,-1.0,1.0,15,1128,1.0,higher value decreases prediction
bc_jackson2020,DFS,cv,cox,risk,Tumor (Proliferative),0.04469662621810448,0.014333736672626655,-0.0009782922658227785,1.0,1.0,15,1128,1.0,higher value increases prediction
bc_jackson2020,DFS,cv,cox,risk,Stroma (SMA hi Vimentin hi),0.04412222853365412,0.01618575713260859,-0.00036072865366080603,-1.0,1.0,15,1128,1.0,higher value decreases prediction
bc_jackson2020,DFS,cv,cox,risk,T & B cells,0.04266054093659837,0.01049525945962434,-0.0021672936964452316,1.0,1.0,15,1128,1.0,higher value increases prediction
bc_jackson2020,DFS,cv,cox,risk,Tumor (CK+ HR+),0.04145052567348108,0.02059654611487584,0.0012291281577465217,1.0,1.0,15,1128,1.0,higher value increases prediction
bc_jackson2020,DFS,cv,cox,risk,Tumor (CK+ HR hi),0.04060182366833382,0.018833127107210513,-0.0005085209820134377,1.0,1.0,15,1128,1.0,higher value increases prediction
bc_jackson2020,DFS,cv,cox,risk,Stroma (Small elongated),0.036547963321425896,0.02758046684994418,-0.00131050809008047,-0.8666666666666667,0.8666666666666667,15,1128,0.9333333333333333,higher value decreases prediction
bc_jackson2020,DFS,cv,cox,risk,Endothelial,0.03109273466292785,0.017918932627834,-0.0036795922033312145,0.06666666666666662,0.8,15,1128,0.5333333333333333,higher value increases prediction
bc_jackson2020,DFS,cv,cox,risk,T cell,0.029716875851018447,0.02447349277681534,-0.0022477571428739427,-0.7333333333333333,0.6666666666666666,15,1128,0.8666666666666667,higher value decreases prediction
bc_jackson2020,DFS,cv,cox,risk,Tumor (Myoepithelial),0.02739084037637083,0.011165454696166265,-0.00014479885099773966,-1.0,0.9333333333333333,15,1128,1.0,higher value decreases prediction
bc_jackson2020,DFS,cv,cox,risk,Tumor (Hypoxic),0.026246555478056773,0.032466712735419435,0.005779543766586528,1.0,0.5333333333333333,15,1128,1.0,higher value increases prediction
bc_jackson2020,DFS,cv,cox,risk,Macrophage,0.020792348347846618,0.01592181928407921,-0.0009287410461853532,0.2,0.5333333333333333,15,1128,0.6,higher value increases prediction
bc_jackson2020,DFS,cv,cox,risk,Tumor (Basal CK),0.01823903062274903,0.015660687283119003,0.0001522473693286811,-0.6,0.6,15,1128,0.8,higher value decreases prediction
bc_jackson2020,DFS,cv,cox,risk,Tumor (CK lo HR hi p53+),0.018221259670969176,0.013154369909211558,-0.003509754477009547,0.8666666666666666,0.26666666666666666,15,1128,0.9333333333333333,higher value increases prediction
bc_jackson2020,DFS,cv,cox,risk,Tumor (p53+ EGFR+),0.01771818994237633,0.008446083564081875,0.0015835473637628695,0.6,0.5333333333333333,15,1128,0.8,higher value increases prediction
bc_jackson2020,DFS,cv,cox,risk,Tumor (CK+ HR lo),0.017536321824370947,0.013883340336442673,0.00021953005346840365,0.2,0.5333333333333333,15,1128,0.6,higher value increases prediction
bc_jackson2020,DFS,cv,cox,risk,Stroma (Vimentin hi),0.015739693974248386,0.011261652155631968,-0.0008429749615071114,0.4666666666666667,0.4,15,1128,0.7333333333333333,higher value increases prediction
bc_jackson2020,DFS,cv,cox,risk,Tumor (CK7+ CK hi Ecadh hi),0.012173362637992336,0.01071799238296585,1.511874775941172e-05,-0.06666666666666667,0.4,15,1128,0.5333333333333333,higher value decreases prediction
bc_jackson2020,OS,cv,cox,risk,Tumor (CK7+),0.10305745877259946,0.02425155080268713,-0.0008206143759195538,-1.0,1.0,15,1128,1.0,higher value decreases prediction
bc_jackson2020,OS,cv,cox,risk,Stroma (Large elongated),0.07966619382849768,0.043122693166419666,0.004142474990301389,1.0,1.0,15,1128,1.0,higher value increases prediction
bc_jackson2020,OS,cv,cox,risk,Tumor (Epithelial low),0.06742158243872312,0.02671558842794469,0.0010614329767894143,1.0,1.0,15,1128,1.0,higher value increases prediction
bc_jackson2020,OS,cv,cox,risk,Tumor (Apoptotic),0.0599886980256455,0.039737860383714727,-0.0055672498817931565,-1.0,1.0,15,1128,1.0,higher value decreases prediction
bc_jackson2020,OS,cv,cox,risk,Tumor (Proliferative),0.05703496999552144,0.024909831360908966,-0.0029866342846910656,0.8666666666666667,1.0,15,1128,0.9333333333333333,higher value increases prediction
bc_jackson2020,OS,cv,cox,risk,Stroma (Fibronectin hi),0.052393092655797724,0.04098285893250336,0.0021181602430358905,0.7333333333333333,0.9333333333333333,15,1128,0.8666666666666667,higher value increases prediction
bc_jackson2020,OS,cv,cox,risk,Stroma (SMA hi Vimentin hi),0.05023504834989757,0.012343538006554789,0.0019703781096734336,-1.0,1.0,15,1128,1.0,higher value decreases prediction
bc_jackson2020,OS,cv,cox,risk,Tumor (Hypoxic),0.04204496374962727,0.015959772674645448,0.0008168331928360871,1.0,1.0,15,1128,1.0,higher value increases prediction
bc_jackson2020,OS,cv,cox,risk,Tumor (CK lo HR lo),0.040979978563135025,0.020781574135486865,0.0013677208518617031,0.7333333333333333,0.8,15,1128,0.8666666666666667,higher value increases prediction
bc_jackson2020,OS,cv,cox,risk,B cell,0.036475606247295594,0.02784741413407652,0.008534757791405221,-0.8666666666666667,1.0,15,1128,0.9333333333333333,higher value decreases prediction
bc_jackson2020,OS,cv,cox,risk,Stroma (Small circular),0.03426295204729319,0.023757027387710985,-0.0022483891336349863,-0.8666666666666667,0.8666666666666667,15,1128,0.9333333333333333,higher value decreases prediction
bc_jackson2020,OS,cv,cox,risk,T cell,0.02907010104098925,0.021076587014920895,-0.003561283304041676,0.3333333333333333,0.7333333333333333,15,1128,0.6666666666666666,higher value increases prediction
bc_jackson2020,OS,cv,cox,risk,Macrophage,0.02747681680316229,0.017028467595861015,-0.005546483055927197,0.4666666666666667,0.9333333333333333,15,1128,0.7333333333333333,higher value increases prediction
bc_jackson2020,OS,cv,cox,risk,Endothelial,0.027206940068199195,0.03067350823436037,-0.0012018033871331643,0.06666666666666667,0.7333333333333333,15,1128,0.5333333333333333,higher value increases prediction
bc_jackson2020,OS,cv,cox,risk,Stroma (Vimentin hi),0.026499854866521365,0.018759041699812594,0.002398120078077905,-0.2,0.6666666666666666,15,1128,0.6,higher value decreases prediction
bc_jackson2020,OS,cv,cox,risk,Tumor (CK+ HR lo),0.026445344268364642,0.018826987904124227,-7.986187561885013e-05,-0.06666666666666667,0.8666666666666667,15,1128,0.5333333333333333,higher value decreases prediction
bc_jackson2020,OS,cv,cox,risk,Tumor (Myoepithelial),0.02533906869551293,0.011773503707266934,0.0005303006360218211,-1.0,0.9333333333333333,15,1128,1.0,higher value decreases prediction
bc_jackson2020,OS,cv,cox,risk,Tumor (CK lo HR hi p53+),0.024718352312998088,0.028674988399289822,0.004500434400459695,1.0,0.8666666666666667,15,1128,1.0,higher value increases prediction
bc_jackson2020,OS,cv,cox,risk,Tumor (p53+ EGFR+),0.02263767662769748,0.007424506793415623,-0.0029479718555871963,0.6,0.8,15,1128,0.8,higher value increases prediction
bc_jackson2020,OS,cv,cox,risk,Stroma (Small elongated),0.019660170573438003,0.022340749383327897,7.302571888568831e-05,-0.4666666666666667,0.4666666666666667,15,1128,0.7333333333333333,higher value decreases prediction
bc_jackson2020,OS,cv,cox,risk,Tumor (CK+ HR hi),0.01803794975689663,0.015114364318359781,0.00020945203672001012,0.3333333333333333,0.6,15,1128,0.6666666666666666,higher value increases prediction
bc_jackson2020,OS,cv,cox,risk,Tumor (CK+ HR+),0.01608199776854113,0.013048389833121685,0.00019137527963561336,0.33333333333333326,0.4666666666666667,15,1128,0.6666666666666666,higher value increases prediction
bc_jackson2020,OS,cv,cox,risk,Tumor (Basal CK),0.014770047348928074,0.012579398560719485,0.00014790464664344872,-0.20000000000000007,0.4666666666666667,15,1128,0.6,higher value decreases prediction
bc_jackson2020,OS,cv,cox,risk,Tumor (CK7+ CK hi Ecadh hi),0.011354901245130338,0.006514182061262322,0.0016609824968954793,-0.7333333333333333,0.6,15,1128,0.8666666666666667,higher value decreases prediction
bc_jackson2020,OS,cv,cox,risk,T & B cells,0.011004435608252363,0.014175522067544941,0.0035976459349947813,-0.6,0.26666666666666666,15,1128,0.8,higher value decreases prediction
bc_metabric_ali2020,DSS,cv,cox,risk,HR+ CK7- Ki67+,0.14237278902623343,0.03417757663419014,-0.00040517668516638905,1.0,1.0,15,1596,1.0,higher value increases prediction
bc_metabric_ali2020,DSS,cv,cox,risk,HR+ CK7-,0.10086260533541176,0.02483982804040941,-0.0009135042091314737,-1.0,1.0,15,1596,1.0,higher value decreases prediction
bc_metabric_ali2020,DSS,cv,cox,risk,HR- CK7+,0.09471066936637076,0.024656070701276393,0.0008833314217681498,1.0,1.0,15,1596,1.0,higher value increases prediction
bc_metabric_ali2020,DSS,cv,cox,risk,Fibroblasts CD68+,0.09289926211610423,0.022649701004266797,-0.00017790687813792848,1.0,1.0,15,1596,1.0,higher value increases prediction
bc_metabric_ali2020,DSS,cv,cox,risk,Fibroblasts,0.08767140295839826,0.022200550016675393,0.0007878261131274047,-1.0,1.0,15,1596,1.0,higher value decreases prediction
bc_metabric_ali2020,DSS,cv,cox,risk,Vascular SMA+,0.06931138720095462,0.027556343155806958,-0.0023556996724688503,-1.0,1.0,15,1596,1.0,higher value decreases prediction
bc_metabric_ali2020,DSS,cv,cox,risk,HRlow CKlow,0.0676354844771839,0.018952329813291695,0.00038053923516091797,1.0,1.0,15,1596,1.0,higher value increases prediction
bc_metabric_ali2020,DSS,cv,cox,risk,HR- Ki67+,0.050545149132574387,0.044509124009553966,0.006555244730943875,1.0,1.0,15,1596,1.0,higher value increases prediction
bc_metabric_ali2020,DSS,cv,cox,risk,HER2+,0.050154911854638974,0.008988456397227852,-0.0009644665246781751,1.0,1.0,15,1596,1.0,higher value increases prediction
bc_metabric_ali2020,DSS,cv,cox,risk,T cells,0.04389845649646174,0.025985969671794236,0.00013306883211394426,0.8666666666666667,1.0,15,1596,0.9333333333333333,higher value increases prediction
bc_metabric_ali2020,DSS,cv,cox,risk,HR- CK7-,0.030086732297453015,0.018179237820945597,0.00016988474967819268,-1.0,1.0,15,1596,1.0,higher value decreases prediction
bc_metabric_ali2020,DSS,cv,cox,risk,Basal CKlow,0.026004791362927264,0.027926709527642462,-0.007936466595029943,0.6,0.9333333333333333,15,1596,0.8,higher value increases prediction
bc_metabric_ali2020,DSS,cv,cox,risk,HR- CKlow CK5+,0.025223650983752264,0.0382440611288849,-0.003658677736069277,-0.4666666666666667,0.8,15,1596,0.7333333333333333,higher value decreases prediction
bc_metabric_ali2020,DSS,cv,cox,risk,B cells,0.019303541841031783,0.014880201298041107,-6.534835790061282e-05,-0.8666666666666667,0.9333333333333333,15,1596,0.9333333333333333,higher value decreases prediction
bc_metabric_ali2020,DSS,cv,cox,risk,Endothelial,0.018770691472115627,0.018072995487412202,-5.2116664758243386e-05,0.7333333333333333,0.8666666666666667,15,1596,0.8666666666666667,higher value increases prediction
bc_metabric_ali2020,DSS,cv,cox,risk,Macrophages Vim+ CD45low,0.017495214182591725,0.01649502956646977,-0.0006311098048797638,-0.4666666666666667,0.6666666666666666,15,1596,0.7333333333333333,higher value decreases prediction
bc_metabric_ali2020,DSS,cv,cox,risk,Myoepithelial,0.017303811524844045,0.010977624525198987,0.0006102693952293093,0.06666666666666667,0.9333333333333333,15,1596,0.5333333333333333,higher value increases prediction
bc_metabric_ali2020,DSS,cv,cox,risk,Myofibroblasts,0.017086295716443167,0.013906233622758547,-0.0002165032080282321,0.06666666666666667,0.9333333333333333,15,1596,0.5333333333333333,higher value increases prediction
bc_metabric_ali2020,DSS,cv,cox,risk,HR+ CK7- Slug+,0.015029137617210513,0.011446331784359075,0.0006733545085426079,1.0,0.8666666666666667,15,1596,1.0,higher value increases prediction
bc_metabric_ali2020,DSS,cv,cox,risk,Macrophages Vim+ Slug+,0.014884320875428375,0.009355566309521206,0.0017192321369699562,-0.06666666666666667,0.9333333333333333,15,1596,0.5333333333333333,higher value decreases prediction
bc_metabric_ali2020,DSS,cv,cox,risk,Hypoxia,0.008717315978832558,0.00804789399122887,6.134620037790964e-05,-0.2,0.5333333333333333,15,1596,0.6,higher value decreases prediction
bc_metabric_ali2020,DSS,cv,cox,risk,Macrophages Vim+ Slug-,0.007936772396403925,0.007922116590985552,0.0021123867143987966,-0.3333333333333333,0.6,15,1596,0.6666666666666666,higher value decreases prediction
bc_metabric_ali2020,OS,cv,cox,risk,HR- CK7+,0.1165950555742976,0.014382628392150612,-0.0001493466933833544,1.0,1.0,15,1596,1.0,higher value increases prediction
bc_metabric_ali2020,OS,cv,cox,risk,Fibroblasts,0.11064624428364912,0.027547548987956468,0.0008867808750782018,-1.0,1.0,15,1596,1.0,higher value decreases prediction
bc_metabric_ali2020,OS,cv,cox,risk,HR+ CK7- Ki67+,0.10886064855014549,0.031788028312005626,2.5840681698440122e-05,1.0,1.0,15,1596,1.0,higher value increases prediction
bc_metabric_ali2020,OS,cv,cox,risk,HR- CK7-,0.06411979404910365,0.024914757869874807,-0.001136617125956879,-1.0,1.0,15,1596,1.0,higher value decreases prediction
bc_metabric_ali2020,OS,cv,cox,risk,HER2+,0.0578807156789414,0.01945613931672325,0.0004159309383646096,1.0,1.0,15,1596,1.0,higher value increases prediction
bc_metabric_ali2020,OS,cv,cox,risk,Myofibroblasts,0.054238923622744226,0.02380582590545215,-0.0009720158098655298,-1.0,1.0,15,1596,1.0,higher value decreases prediction
bc_metabric_ali2020,OS,cv,cox,risk,Endothelial,0.0524624349750843,0.025807676137112625,0.0012410480231806694,0.8666666666666667,1.0,15,1596,0.9333333333333333,higher value increases prediction
bc_metabric_ali2020,OS,cv,cox,risk,HR- Ki67+,0.0523058751508555,0.019899642464838316,0.0012520621860334378,1.0,1.0,15,1596,1.0,higher value increases prediction
bc_metabric_ali2020,OS,cv,cox,risk,HRlow CKlow,0.05011369200843079,0.02462796744253509,-0.0015049559262079201,1.0,1.0,15,1596,1.0,higher value increases prediction
bc_metabric_ali2020,OS,cv,cox,risk,Fibroblasts CD68+,0.04935904120365688,0.017965227719000956,-0.0007074779415117163,1.0,1.0,15,1596,1.0,higher value increases prediction
bc_metabric_ali2020,OS,cv,cox,risk,Myoepithelial,0.03533113269418317,0.01975990396694619,-0.0004515199500150176,-0.8666666666666667,0.9333333333333333,15,1596,0.9333333333333333,higher value decreases prediction
bc_metabric_ali2020,OS,cv,cox,risk,Macrophages Vim+ CD45low,0.03471593516248937,0.02433255565020866,0.0008166655040773868,-1.0,0.9333333333333333,15,1596,1.0,higher value decreases prediction
bc_metabric_ali2020,OS,cv,cox,risk,Vascular SMA+,0.023701679901253356,0.02824238246846765,-0.004407038727534683,-0.8666666666666667,0.8,15,1596,0.9333333333333333,higher value decreases prediction
bc_metabric_ali2020,OS,cv,cox,risk,Basal CKlow,0.023654267688630094,0.0072212141541365855,-0.0014223844130643523,0.8666666666666667,1.0,15,1596,0.9333333333333333,higher value increases prediction
bc_metabric_ali2020,OS,cv,cox,risk,HR- CKlow CK5+,0.018517854086720614,0.012416516529229748,0.0007505408608824746,0.2,0.9333333333333333,15,1596,0.6,higher value increases prediction
bc_metabric_ali2020,OS,cv,cox,risk,T cells,0.018322087742721756,0.011093558127736094,0.0004946738511220568,0.3333333333333333,1.0,15,1596,0.6666666666666666,higher value increases prediction
bc_metabric_ali2020,OS,cv,cox,risk,Hypoxia,0.016974407680551064,0.011843448212538391,-5.414002866244502e-05,-1.0,0.7333333333333333,15,1596,1.0,higher value decreases prediction
bc_metabric_ali2020,OS,cv,cox,risk,HR+ CK7-,0.01592271898944431,0.010026228378083212,-0.0009796458078545392,-0.2,0.8666666666666667,15,1596,0.6,higher value decreases prediction
bc_metabric_ali2020,OS,cv,cox,risk,HR+ CK7- Slug+,0.014034808544737477,0.009487145226835091,-0.0009669271243427201,0.6,0.8,15,1596,0.8,higher value increases prediction
bc_metabric_ali2020,OS,cv,cox,risk,B cells,0.011266800219948284,0.005390540864877285,0.0010497751336467746,-0.8666666666666667,0.8,15,1596,0.9333333333333333,higher value decreases prediction
bc_metabric_ali2020,OS,cv,cox,risk,Macrophages Vim+ Slug+,0.008993583549854682,0.010691395307109074,-0.0016065956210348324,0.3333333333333333,0.5333333333333333,15,1596,0.6666666666666666,higher value increases prediction
bc_metabric_ali2020,OS,cv,cox,risk,Macrophages Vim+ Slug-,0.008639457175320614,0.005563134494211234,0.0006075576616331143,-0.7333333333333333,0.6666666666666666,15,1596,0.8666666666666667,higher value decreases prediction
crc_schurch2020,DFS,cv,cox,risk,vasculature,0.20965247895231703,0.06728107097228139,0.0052540207407983765,-0.9999999999999998,1.0,15,420,1.0,higher value decreases prediction
crc_schurch2020,DFS,cv,cox,risk,plasma cells,0.17943837489700443,0.05986621782700658,-0.00046356105645228016,0.9999999999999999,1.0,15,420,1.0,higher value increases prediction
crc_schurch2020,DFS,cv,cox,risk,tumor cells / immune cells,0.16390487777030696,0.32034491631138345,-0.14085921491016493,0.6,0.3333333333333333,15,420,0.8,higher value increases prediction
crc_schurch2020,DFS,cv,cox,risk,lymphatics,0.1635603768348134,0.061769666700447694,-0.10828049447613969,0.7333333333333332,0.9333333333333333,15,420,0.8666666666666667,higher value increases prediction
crc_schurch2020,DFS,cv,cox,risk,Tregs,0.15361484707389886,0.052287350621415686,-0.0030657293541732885,-0.9999999999999999,1.0,15,420,1.0,higher value decreases prediction
crc_schurch2020,DFS,cv,cox,risk,tumor cells,0.14074333311199136,0.029407839582691605,0.003763243877463519,-0.9999999999999998,1.0,15,420,1.0,higher value decreases prediction
crc_schurch2020,DFS,cv,cox,risk,granulocytes,0.14065471656226666,0.057078132777332424,0.0019392289404434294,0.9999999999999998,1.0,15,420,1.0,higher value increases prediction
crc_schurch2020,DFS,cv,cox,risk,CD4+ T cells GATA3+,0.12920753516965744,0.197867128706672,0.06724927580739296,0.9999999999999999,0.6,15,420,1.0,higher value increases prediction
crc_schurch2020,DFS,cv,cox,risk,CD68+ macrophages,0.11118237064867272,0.05454166640356825,-0.010664867868453769,0.9999999999999999,0.8666666666666667,15,420,1.0,higher value increases prediction
crc_schurch2020,DFS,cv,cox,risk,B cells,0.10470165557178966,0.04070967512696514,0.010360633286279931,-0.8666666666666666,0.9333333333333333,15,420,0.9333333333333333,higher value decreases prediction
crc_schurch2020,DFS,cv,cox,risk,CD4+ T cells,0.10434745509544399,0.07282645430181627,-0.009018214649421758,-1.0,0.9333333333333333,15,420,1.0,higher value decreases prediction
crc_schurch2020,DFS,cv,cox,risk,CD8+ T cells,0.09613496622256297,0.11232668099314766,-0.014352237420429141,0.06666666666666665,0.6666666666666666,15,420,0.5333333333333333,higher value increases prediction
crc_schurch2020,DFS,cv,cox,risk,CD3+ T cells,0.09426048013797897,0.18468399222094756,-0.06928368756441464,-0.9999999999999999,0.2,15,420,1.0,higher value decreases prediction
crc_schurch2020,DFS,cv,cox,risk,stroma,0.09197373394150081,0.051707378872243186,0.002758547471666136,-0.8666666666666665,0.8666666666666667,15,420,0.9333333333333333,higher value decreases prediction
crc_schurch2020,DFS,cv,cox,risk,CD68+CD163+ macrophages,0.09063829350842505,0.05593967805291895,-0.004078810411730299,0.33333333333333326,0.8,15,420,0.6666666666666666,higher value increases prediction
crc_schurch2020,DFS,cv,cox,risk,nerves,0.09050989960620617,0.0436456978986693,-0.003044222844144086,-1.0,0.9333333333333333,15,420,1.0,higher value decreases prediction
crc_schurch2020,DFS,cv,cox,risk,CD4+ T cells CD45RO+,0.08957689947060467,0.09752133434270725,0.01883579290551148,0.8666666666666666,0.6666666666666666,15,420,0.9333333333333333,higher value increases prediction
crc_schurch2020,DFS,cv,cox,risk,immune cells / vasculature,0.08846711400641845,0.07465201106517899,-0.0004111761231191243,0.7333333333333333,0.8666666666666667,15,420,0.8666666666666667,higher value increases prediction
crc_schurch2020,DFS,cv,cox,risk,undefined,0.08578685031730468,0.05305827245574552,-0.0034826905531947215,0.7333333333333332,0.9333333333333333,15,420,0.8666666666666667,higher value increases prediction
crc_schurch2020,DFS,cv,cox,risk,dirt,0.08564227903593978,0.048827058618392066,-0.02882988036922975,0.6,0.8666666666666667,15,420,0.8,higher value increases prediction
crc_schurch2020,DFS,cv,cox,risk,smooth muscle,0.07207115720876305,0.08406412333185555,-0.017914445262626498,-0.7333333333333332,0.4666666666666667,15,420,0.8666666666666667,higher value decreases prediction
crc_schurch2020,DFS,cv,cox,risk,CD11b+ monocytes,0.062298383488317066,0.11489787628842148,-0.0470523662338263,-1.0,0.2,15,420,1.0,higher value decreases prediction
crc_schurch2020,DFS,cv,cox,risk,NK cells,0.054947346393282234,0.03135788523750089,-0.003899962767215346,-0.9999999999999999,0.6666666666666666,15,420,1.0,higher value decreases prediction
crc_schurch2020,DFS,cv,cox,risk,CD163+ macrophages,0.05017933638435489,0.0282536982391108,0.0032679191631290465,-0.8666666666666666,0.6666666666666666,15,420,0.9333333333333333,higher value decreases prediction
crc_schurch2020,DFS,cv,cox,risk,immune cells,0.04415621121286039,0.062017327378728795,-0.01860203970257851,-0.3333333333333333,0.3333333333333333,15,420,0.6666666666666666,higher value decreases prediction
crc_schurch2020,DFS,cv,cox,risk,adipocytes,0.04282677984219652,0.028696754197166975,-0.0024139976346880644,0.8666666666666667,0.4666666666666667,15,420,0.9333333333333333,higher value increases prediction
crc_schurch2020,DFS,cv,cox,risk,CD68+ macrophages GzmB+,0.037976499410572934,0.035020163423392814,0.005275908882646813,-0.6,0.4,15,420,0.8,higher value decreases prediction
crc_schurch2020,DFS,cv,cox,risk,CD11b+CD68+ macrophages,0.037913433156450356,0.04210869756289847,-0.003719049568675017,-0.8666666666666667,0.26666666666666666,15,420,0.9333333333333333,higher value decreases prediction
crc_schurch2020,DFS,cv,cox,risk,CD11c+ DCs,0.025848910035649854,0.030554382665523544,0.01317246425855145,-0.4666666666666667,0.13333333333333333,15,420,0.7333333333333333,higher value decreases prediction
crc_schurch2020,OS,cv,cox,risk,Tregs,0.24406680969264224,0.07311281123736248,7.324152880489691e-05,-0.9999999999999999,1.0,15,420,1.0,higher value decreases prediction
crc_schurch2020,OS,cv,cox,risk,CD68+ macrophages,0.19247185812815673,0.05946276107586111,-0.004709466423699306,0.9999999999999999,1.0,15,420,1.0,higher value increases prediction
crc_schurch2020,OS,cv,cox,risk,lymphatics,0.18071687267183342,0.0819395574924281,0.0034435610506401352,1.0,1.0,15,420,1.0,higher value increases prediction
crc_schurch2020,OS,cv,cox,risk,stroma,0.1647737667608962,0.05090050534869335,0.0003066327359621671,-0.9999999999999998,1.0,15,420,1.0,higher value decreases prediction
crc_schurch2020,OS,cv,cox,risk,CD68+CD163+ macrophages,0.15614900235327675,0.09926568170330063,-0.008053696850924151,0.8666666666666665,0.9333333333333333,15,420,0.9333333333333333,higher value increases prediction
crc_schurch2020,OS,cv,cox,risk,B cells,0.15580413686258449,0.07140033617532382,-0.007009181808137534,-0.9999999999999999,1.0,15,420,1.0,higher value decreases prediction
crc_schurch2020,OS,cv,cox,risk,plasma cells,0.1405380465967388,0.13236550886886891,0.024811550701261117,0.9999999999999998,1.0,15,420,1.0,higher value increases prediction
crc_schurch2020,OS,cv,cox,risk,vasculature,0.1384234339365792,0.08157915799960709,-0.003218115760573024,-0.9999999999999998,1.0,15,420,1.0,higher value decreases prediction
crc_schurch2020,OS,cv,cox,risk,CD8+ T cells,0.1341880288137742,0.0962671611048698,-0.008951100402124428,0.9999999999999998,0.8,15,420,1.0,higher value increases prediction
crc_schurch2020,OS,cv,cox,risk,CD4+ T cells CD45RO+,0.12232543951245865,0.05764685444384296,0.000638864847280007,-0.9999999999999998,0.9333333333333333,15,420,1.0,higher value decreases prediction
crc_schurch2020,OS,cv,cox,risk,CD11c+ DCs,0.11363339892038314,0.10067115091737389,-0.06296824947806491,0.6,1.0,15,420,0.8,higher value increases prediction
crc_schurch2020,OS,cv,cox,risk,CD4+ T cells,0.10880259878456074,0.12303456846135845,-0.017965553733059417,-1.0,1.0,15,420,1.0,higher value decreases prediction
crc_schurch2020,OS,cv,cox,risk,tumor cells / immune cells,0.10192073498771596,0.18136114941711157,-0.08526888289614575,0.6,0.26666666666666666,15,420,0.8,higher value increases prediction
crc_schurch2020,OS,cv,cox,risk,NK cells,0.07418343601506254,0.040280098623907815,-0.006864034376249524,-0.9999999999999999,0.9333333333333333,15,420,1.0,higher value decreases prediction
crc_schurch2020,OS,cv,cox,risk,undefined,0.0723212935724245,0.04679129931573202,0.006179971064622731,0.9999999999999999,0.7333333333333333,15,420,1.0,higher value increases prediction
crc_schurch2020,OS,cv,cox,risk,granulocytes,0.06905189503427732,0.038547309058404235,-0.01696855090306072,0.7333333333333332,0.8666666666666667,15,420,0.8666666666666667,higher value increases prediction
crc_schurch2020,OS,cv,cox,risk,immune cells / vasculature,0.06838405007901406,0.041742764440250116,0.0005837792650540401,0.9999999999999999,1.0,15,420,1.0,higher value increases prediction
crc_schurch2020,OS,cv,cox,risk,CD163+ macrophages,0.06834943483291736,0.09889240624096644,0.04315753556683315,-0.5999999999999999,0.3333333333333333,15,420,0.8,higher value decreases prediction
crc_schurch2020,OS,cv,cox,risk,CD11b+ monocytes,0.0675979480690043,0.10482807988206916,0.03785973793001498,0.9999999999999999,0.2,15,420,1.0,higher value increases prediction
crc_schurch2020,OS,cv,cox,risk,adipocytes,0.06624582696071148,0.06423844575120585,-0.010152209934611679,-0.8666666666666667,0.6666666666666666,15,420,0.9333333333333333,higher value decreases prediction
crc_schurch2020,OS,cv,cox,risk,smooth muscle,0.05475876760865461,0.03570034105817758,0.0016059516256081124,0.8666666666666666,0.6666666666666666,15,420,0.9333333333333333,higher value increases prediction
crc_schurch2020,OS,cv,cox,risk,CD68+ macrophages GzmB+,0.05259750078282899,0.06766817467212315,-0.01829522277902598,-0.06666666666666667,0.4,15,420,0.5333333333333333,higher value decreases prediction
crc_schurch2020,OS,cv,cox,risk,dirt,0.04652720377349263,0.08204819516877417,-0.022367656361370485,0.19999999999999993,0.26666666666666666,15,420,0.6,higher value increases prediction
crc_schurch2020,OS,cv,cox,risk,tumor cells,0.039809078254584365,0.029879656838928115,0.003750490502057033,-0.5999999999999999,0.6,15,420,0.8,higher value decreases prediction
crc_schurch2020,OS,cv,cox,risk,nerves,0.03511558668186613,0.020147021835506537,0.009425357097100502,-0.4666666666666667,0.6,15,420,0.7333333333333333,higher value decreases prediction
crc_schurch2020,OS,cv,cox,risk,CD4+ T cells GATA3+,0.0247752360978439,0.029405362699199925,-0.014291546407276135,0.6363636363636362,0.26666666666666666,15,420,0.8181818181818182,higher value increases prediction
crc_schurch2020,OS,cv,cox,risk,immune cells,0.02418590963921183,0.023821856133390554,-0.00027497824999784317,0.6,0.3333333333333333,15,420,0.8,higher value increases prediction
crc_schurch2020,OS,cv,cox,risk,CD3+ T cells,0.01765418448531593,0.03497553519772331,-0.011081154568259876,-0.7333333333333333,0.13333333333333333,15,420,0.8666666666666667,higher value decreases prediction
crc_schurch2020,OS,cv,cox,risk,CD11b+CD68+ macrophages,0.01048802819365479,0.014269564111427373,-0.0017961837470130521,-1.0,0.06666666666666667,15,420,1.0,higher value decreases prediction
crc_wu2022,DFS,cv,cox,risk,Stroma,0.20341615038554572,0.033115306644416566,0.0024754642362748488,1.0,1.0,15,810,1.0,higher value increases prediction
crc_wu2022,DFS,cv,cox,risk,Tumor 7,0.14964977576544172,0.024101865005061816,-0.0029677019472238806,-1.0,1.0,15,810,1.0,higher value decreases prediction
crc_wu2022,DFS,cv,cox,risk,CD4 T cell,0.12753473439836716,0.0442176432707484,-0.0008157644024797769,-1.0,1.0,15,810,1.0,higher value decreases prediction
crc_wu2022,DFS,cv,cox,risk,Tumor 2 (Ki67 Proliferating),0.12257721856301432,0.03865464004279785,0.0026155253689566405,-1.0,1.0,15,810,1.0,higher value decreases prediction
crc_wu2022,DFS,cv,cox,risk,Blood vessel,0.10580186030405006,0.03484836018151276,0.00012402977318116265,-1.0,1.0,15,810,1.0,higher value decreases prediction
crc_wu2022,DFS,cv,cox,risk,Tumor 1,0.10575767812306354,0.037340150814491935,-9.718649616434483e-06,1.0,1.0,15,810,1.0,higher value increases prediction
crc_wu2022,DFS,cv,cox,risk,Tumor 6 / DC,0.10556888145745194,0.057924391011696184,0.002478034029792835,1.0,1.0,15,810,1.0,higher value increases prediction
crc_wu2022,DFS,cv,cox,risk,B cell,0.07572713861651192,0.038778428399988046,-0.0030691343165549206,1.0,1.0,15,810,1.0,higher value increases prediction
crc_wu2022,DFS,cv,cox,risk,Other,0.05253691790082881,0.08297573971399293,-0.011894814116267978,0.06666666666666664,1.0,15,810,0.5333333333333333,higher value increases prediction
crc_wu2022,DFS,cv,cox,risk,Tumor 4,0.04957135193747321,0.036585559982651984,-0.0035617176496766417,-0.7333333333333333,1.0,15,810,0.8666666666666667,higher value decreases prediction
crc_wu2022,DFS,cv,cox,risk,Macrophage,0.04753127344451055,0.02670895110152096,-0.000710400222520623,0.4666666666666667,1.0,15,810,0.7333333333333333,higher value increases prediction
crc_wu2022,DFS,cv,cox,risk,CD8 T cell,0.0464845701544063,0.03178383503097208,0.0022001635399778465,0.06666666666666668,1.0,15,810,0.5333333333333333,higher value increases prediction
crc_wu2022,DFS,cv,cox,risk,Tumor 3,0.046211108449376107,0.04142227264040561,0.008240771946341274,0.06666666666666667,1.0,15,810,0.5333333333333333,higher value increases prediction
crc_wu2022,DFS,cv,cox,risk,Granulocyte,0.042133784095831676,0.03458186983808048,0.005944571341843912,0.2,1.0,15,810,0.6,higher value increases prediction
crc_wu2022,DFS,cv,cox,risk,Tumor 5,0.030256281392398308,0.05035476484715556,-0.0024903109164583935,-0.4666666666666667,1.0,15,810,0.7333333333333333,higher value decreases prediction
hnc_wu2022,OS,cv,cox,risk,APC,0.23586761506394952,0.08217077210893062,-0.0093949433261456,-1.0,1.0,15,924,1.0,higher value decreases prediction
hnc_wu2022,OS,cv,cox,risk,Tumor (CD21+),0.19993705968522538,0.043493166527856175,0.0020574822541908804,1.0,1.0,15,924,1.0,higher value increases prediction
hnc_wu2022,OS,cv,cox,risk,Macrophage,0.17412511514613171,0.048079846188859424,-0.00011490539874625672,1.0,1.0,15,924,1.0,higher value increases prediction
hnc_wu2022,OS,cv,cox,risk,Stromal / Fibroblast,0.15481051779393878,0.058776888829217486,0.009452107147387602,1.0,1.0,15,924,1.0,higher value increases prediction
hnc_wu2022,OS,cv,cox,risk,B cell,0.13088667095597198,0.055249695399851945,-3.994973139678168e-05,-1.0,1.0,15,924,1.0,higher value decreases prediction
hnc_wu2022,OS,cv,cox,risk,Tumor,0.1016422171037325,0.05620686752486169,0.0037740075958146335,1.0,1.0,15,924,1.0,higher value increases prediction
hnc_wu2022,OS,cv,cox,risk,CD4 T cell,0.09447785729861628,0.0563274431804665,0.011601970160305146,-1.0,1.0,15,924,1.0,higher value decreases prediction
hnc_wu2022,OS,cv,cox,risk,Tumor (Podo+),0.08935721541198303,0.05523353051801638,-0.0010795606159782066,1.0,1.0,15,924,1.0,higher value increases prediction
hnc_wu2022,OS,cv,cox,risk,Tumor (CD15+),0.07448180189753212,0.05281750248320439,-0.00125222672697271,-0.8666666666666667,1.0,15,924,0.9333333333333333,higher value decreases prediction
hnc_wu2022,OS,cv,cox,risk,Naive immune cell,0.07008925561394795,0.06706554212926095,-0.0014892581800353946,-0.8666666666666667,1.0,15,924,0.9333333333333333,higher value decreases prediction
hnc_wu2022,OS,cv,cox,risk,Tumor (CD20+),0.046721293406715256,0.03982936753297647,-0.0012952925865828307,-0.3333333333333333,1.0,15,924,0.6666666666666666,higher value decreases prediction
hnc_wu2022,OS,cv,cox,risk,Unassigned,0.036964339991836306,0.028351552068113968,-0.0015572007045189485,-0.7333333333333333,1.0,15,924,0.8666666666666667,higher value decreases prediction
hnc_wu2022,OS,cv,cox,risk,Tumor (Ki67+),0.03500779865416637,0.029689219686975687,0.002673407149011166,0.7333333333333333,1.0,15,924,0.8666666666666667,higher value increases prediction
hnc_wu2022,OS,cv,cox,risk,CD8 T cell,0.03078856948777342,0.032836758955857186,-0.0010502450883655265,0.6,1.0,15,924,0.8,higher value increases prediction
hnc_wu2022,OS,cv,cox,risk,Granulocyte,0.029258237163416877,0.02838124996053805,0.004337718758537833,-0.6,1.0,15,924,0.8,higher value decreases prediction
hnc_wu2022,OS,cv,cox,risk,Vessel,0.024052956642477818,0.01901688929386376,0.005076679744191692,-0.4666666666666667,1.0,15,924,0.7333333333333333,higher value decreases prediction
hnc_wu2022,OS,cv,cox,risk,Lymph vessel,0.021638045203045363,0.0310319789220474,-0.005267884164600722,-0.7333333333333333,1.0,15,924,0.8666666666666667,higher value decreases prediction
luad_sorin2023,OS,cv,cox,risk,Th,0.11153043628445745,0.02451991692569068,-0.0009182678314897671,-0.9999999999999999,1.0,15,1248,1.0,higher value decreases prediction
luad_sorin2023,OS,cv,cox,risk,Int Mo,0.09578839912828067,0.025770601700495152,0.0010152911589713747,1.0,1.0,15,1248,1.0,higher value increases prediction
luad_sorin2023,OS,cv,cox,risk,T other,0.0816553177386772,0.008531475788003763,-0.0007345387734095896,0.9999999999999999,1.0,15,1248,1.0,higher value increases prediction
luad_sorin2023,OS,cv,cox,risk,NONE,0.08018408377847515,0.021743231784279154,-0.0015299272832307342,0.9999999999999999,1.0,15,1248,1.0,higher value increases prediction
luad_sorin2023,OS,cv,cox,risk,B cell,0.06903022761753282,0.02460360301275163,0.00023402054050510797,-1.0,1.0,15,1248,1.0,higher value decreases prediction
luad_sorin2023,OS,cv,cox,risk,Treg,0.06716518833590437,0.028479660806130232,0.002411784426089642,1.0,1.0,15,1248,1.0,higher value increases prediction
luad_sorin2023,OS,cv,cox,risk,Mast cell,0.06181285166512761,0.029178407969308727,-0.0006869307962770556,-1.0,1.0,15,1248,1.0,higher value decreases prediction
luad_sorin2023,OS,cv,cox,risk,Tc,0.06180239224349266,0.032480143613582854,0.0013742479247596852,-0.9999999999999999,1.0,15,1248,1.0,higher value decreases prediction
luad_sorin2023,OS,cv,cox,risk,Alt MAC,0.04299599842154031,0.030009526089677024,-0.0024060781179871048,0.7333333333333333,1.0,15,1248,0.8666666666666667,higher value increases prediction
luad_sorin2023,OS,cv,cox,risk,Endothelial cell,0.026448827490444023,0.017104743874744567,-0.0004664243247064621,0.2,1.0,15,1248,0.6,higher value increases prediction
luad_sorin2023,OS,cv,cox,risk,Non-Cl Mo,0.023068372720796357,0.019866168461821036,0.0001590873157964332,0.6,1.0,15,1248,0.8,higher value increases prediction
luad_sorin2023,OS,cv,cox,risk,Cl MAC,0.02263476559077253,0.013874752144949853,0.0005601236492445614,-0.8666666666666666,1.0,15,1248,0.9333333333333333,higher value decreases prediction
luad_sorin2023,OS,cv,cox,risk,Neutrophils,0.021030174896885842,0.02255264507489725,0.0009455588065592786,0.9999999999999999,1.0,15,1248,1.0,higher value increases prediction
luad_sorin2023,OS,cv,cox,risk,Cancer,0.01901833978639948,0.0101603935283577,0.00011738001735218164,0.6,1.0,15,1248,0.8,higher value increases prediction
luad_sorin2023,OS,cv,cox,risk,Cl Mo,0.01890109514476917,0.014457264387352443,0.0006952818722444879,-0.4666666666666667,1.0,15,1248,0.7333333333333333,higher value decreases prediction
luad_sorin2023,OS,cv,cox,risk,NK cell,0.012742792164921076,0.01019998662944023,-0.0010804544964640346,0.06666666666666667,1.0,15,1248,0.5333333333333333,higher value increases prediction
luad_sorin2023,OS,cv,cox,risk,DCs cell,0.012540165210389495,0.014364241890875607,0.0005307690088300006,0.06666666666666667,1.0,15,1248,0.5333333333333333,higher value increases prediction
nsclc_aung2025,PFS,cv,cox,risk,Granulocytes,0.3958284678423832,1.177184755346545,0.2974330973673594,0.7333333333333333,1.0,15,96,0.8666666666666667,higher value increases prediction
nsclc_aung2025,PFS,cv,cox,risk,M1_mac,0.38611892833019323,0.8253397037150476,-0.29479003815643995,0.3333333333333333,1.0,15,96,0.6666666666666666,higher value increases prediction
nsclc_aung2025,PFS,cv,cox,risk,DCs,0.36437952887001834,0.33394170008732765,-0.036366479486349385,-1.0,1.0,15,96,1.0,higher value decreases prediction
nsclc_aung2025,PFS,cv,cox,risk,M2_mac,0.3556682859574159,0.4219441377042909,-0.08665094412810914,-1.0,1.0,15,96,1.0,higher value decreases prediction
nsclc_aung2025,PFS,cv,cox,risk,Ki67,0.3029716589382223,0.10504474887745023,-0.002230669661963842,1.0,1.0,15,96,1.0,higher value increases prediction
nsclc_aung2025,PFS,cv,cox,risk,CD8_cells,0.17674632605998014,0.0796895976749524,-0.01715650028437575,1.0,1.0,15,96,1.0,higher value increases prediction
nsclc_aung2025,PFS,cv,cox,risk,B_Cells,0.16727367457616313,0.11709466876993646,0.0013095418905036036,1.0,1.0,15,96,1.0,higher value increases prediction
nsclc_aung2025,PFS,cv,cox,risk,Stroma,0.15743402081276434,0.11920412519511261,-0.029756873124089,0.8666666666666667,1.0,15,96,0.9333333333333333,higher value increases prediction
nsclc_aung2025,PFS,cv,cox,risk,Unidentified,0.12688218923217515,0.10462742171375623,-0.030974380750810254,0.25,1.0,15,96,0.625,higher value increases prediction
nsclc_aung2025,PFS,cv,cox,risk,Treg,0.12286229003169684,0.07834728831062804,0.0021665502920429356,-0.3333333333333333,1.0,15,96,0.6666666666666666,higher value decreases prediction
nsclc_aung2025,PFS,cv,cox,risk,CD4,0.1205907089804866,0.21068205272124857,0.07583290628133801,-0.06666666666666667,1.0,15,96,0.5333333333333333,higher value decreases prediction
nsclc_aung2025,PFS,cv,cox,risk,Cytotoxic CD8,0.11956485947472618,0.07986391885603102,0.013923758948622376,-0.8666666666666667,1.0,15,96,0.9333333333333333,higher value decreases prediction
nsclc_aung2025,PFS,cv,cox,risk,Vessels,0.11779993368790187,0.1347262893051175,-0.019222804220109295,-0.6,1.0,15,96,0.8,higher value decreases prediction
nsclc_aung2025,PFS,cv,cox,risk,CD4_TFH,0.09592049105397252,0.07704687338141757,0.034845192239762755,-0.2,1.0,15,96,0.6,higher value decreases prediction
nsclc_aung2025,PFS,cv,cox,risk,Exhausted CD8,0.09539339315613443,0.15141085846371036,0.06441642099892363,-0.06666666666666667,1.0,15,96,0.5333333333333333,higher value decreases prediction
nsclc_aung2025,PFS,cv,cox,risk,Tumour,0.0907825594753119,0.08744089261631154,0.0008138205253914779,-0.4666666666666667,1.0,15,96,0.7333333333333333,higher value decreases prediction
nsclc_gnn_hoebel2026,OS,cv,cox,risk,PD-1+ (CD8-),0.14740756659931964,0.02182277667333236,-0.0005003976599039875,-1.0,1.0,15,3000,1.0,higher value decreases prediction
nsclc_gnn_hoebel2026,OS,cv,cox,risk,PD-1- CD8+,0.14663430284744658,0.03357233025181144,0.0040096353806554534,-1.0,1.0,15,3000,1.0,higher value decreases prediction
nsclc_gnn_hoebel2026,OS,cv,cox,risk,FOXP3+,0.134775805236763,0.011409489052602645,-0.0030969892702945026,1.0,1.0,15,3000,1.0,higher value increases prediction
nsclc_gnn_hoebel2026,OS,cv,cox,risk,PD-L1+ tumor,0.0847850253815928,0.019262546853349917,-0.0016520353631139031,1.0,1.0,15,3000,1.0,higher value increases prediction
nsclc_gnn_hoebel2026,OS,cv,cox,risk,Unspecified,0.03527710181845738,0.02558548087497324,-0.0021347138677349836,-0.7333333333333333,1.0,15,3000,0.8666666666666667,higher value decreases prediction
nsclc_gnn_hoebel2026,OS,cv,cox,risk,PD-1+ CD8+,0.028183920587513886,0.018216175178023028,-0.00011640457254751315,-1.0,1.0,15,3000,1.0,higher value decreases prediction
nsclc_gnn_hoebel2026,OS,cv,cox,risk,PD-L1+ immune,0.020425702060732232,0.012145128112898545,0.00114665203771988,-0.6,1.0,15,3000,0.8,higher value decreases prediction
nsclc_gnn_hoebel2026,OS,cv,cox,risk,PD-L1- tumor,0.016212375619354413,0.01313890798993232,-0.001308845649393149,0.06666666666666667,1.0,15,3000,0.5333333333333333,higher value increases prediction
nsclc_ici_monkman2024,OS,cv,cox,risk,Stroma,0.3514291970381199,0.13953314707757128,0.022343587412966263,-1.0,1.0,15,108,1.0,higher value decreases prediction
nsclc_ici_monkman2024,OS,cv,cox,risk,Granulocytes,0.2910792735299314,0.5287368107349988,0.13064118474422565,0.6,0.8666666666666667,15,108,0.8,higher value increases prediction
nsclc_ici_monkman2024,OS,cv,cox,risk,CCR7+ CD8/CD4 Cells,0.2694275326794301,0.4715724336295777,-0.21054843490275985,0.6,0.9333333333333333,15,108,0.8,higher value increases prediction
nsclc_ici_monkman2024,OS,cv,cox,risk,Treg,0.2576772879499608,0.16534396357292078,0.01883250647945113,1.0,1.0,15,108,1.0,higher value increases prediction
nsclc_ici_monkman2024,OS,cv,cox,risk,Proliferating Tumour,0.24461275333765148,0.14034844738791954,-0.022769721888106338,0.8666666666666667,1.0,15,108,0.9333333333333333,higher value increases prediction
nsclc_ici_monkman2024,OS,cv,cox,risk,Proliferating Lymphocytes,0.23989363991408388,0.0978242808589957,0.005754832747817412,-1.0,1.0,15,108,1.0,higher value decreases prediction
nsclc_ici_monkman2024,OS,cv,cox,risk,HLADR Tumour,0.21871462201023106,0.09750884411258978,0.007348111395942057,-1.0,1.0,15,108,1.0,higher value decreases prediction
nsclc_ici_monkman2024,OS,cv,cox,risk,Lymphatics,0.21494572375820495,0.21202076535351952,0.050862187884081575,1.0,0.9333333333333333,15,108,1.0,higher value increases prediction
nsclc_ici_monkman2024,OS,cv,cox,risk,Artifact,0.18933345160293466,0.08104237717376725,0.010509367725119144,-0.8666666666666667,1.0,15,108,0.9333333333333333,higher value decreases prediction
nsclc_ici_monkman2024,OS,cv,cox,risk,Macrophages,0.18482088567479085,0.2867385212547602,0.06980537621264092,0.7333333333333333,0.8666666666666667,15,108,0.8666666666666667,higher value increases prediction
nsclc_ici_monkman2024,OS,cv,cox,risk,CD44 Tumour,0.15356187433473345,0.28249267560939706,-0.062123221164933955,-0.3333333333333333,0.8666666666666667,15,108,0.6666666666666666,higher value decreases prediction
nsclc_ici_monkman2024,OS,cv,cox,risk,Lymphocytes,0.14588331211220937,0.10300832134220148,-0.020710058074375207,0.4666666666666667,1.0,15,108,0.7333333333333333,higher value increases prediction
nsclc_ici_monkman2024,OS,cv,cox,risk,Unclassified,0.12607023779176063,0.05293755035008077,-0.020609583243640463,0.6,1.0,15,108,0.8,higher value increases prediction
nsclc_ici_monkman2024,OS,cv,cox,risk,Tumour,0.10890381930639333,0.12384156296642214,0.019275097987384585,0.8666666666666667,0.9333333333333333,15,108,0.9333333333333333,higher value increases prediction
nsclc_ici_monkman2024,OS,cv,cox,risk,B Cells,0.10261556376314675,0.04847980867766861,0.015236767924539707,-0.8666666666666667,1.0,15,108,0.9333333333333333,higher value decreases prediction
nsclc_ici_monkman2024,OS,cv,cox,risk,Blood Vessels,0.10243215422089931,0.05533507387733376,0.024540431774592652,-0.6,1.0,15,108,0.8,higher value decreases prediction
nsclc_ici_monkman2024,OS,cv,cox,risk,Mast Cells,0.0983619024072808,0.08510231732137301,-0.02651027649339629,-0.06666666666666667,1.0,15,108,0.5333333333333333,higher value decreases prediction
nsclc_ici_monkman2024,OS,cv,cox,risk,Monocytes,0.09290850980583783,0.14167792772136878,0.054850054497555985,-0.2,0.8,15,108,0.6,higher value decreases prediction
nsclc_ici_monkman2024,OS,cv,cox,risk,CD4 Cells,0.07461892430536385,0.08610797278163078,0.011007713165164152,0.2,1.0,15,108,0.6,higher value increases prediction
nsclc_ici_monkman2024,OS,cv,cox,risk,Effector CD4,0.07320974933675659,0.06635054956925523,0.0018156554153468348,-0.2,0.8,15,108,0.6,higher value decreases prediction
nsclc_ici_monkman2024,OS,cv,cox,risk,CD8 Cells,0.06092595233711625,0.05228930517249942,-0.005274152694719387,-0.06666666666666667,1.0,15,108,0.5333333333333333,higher value decreases prediction
