dataset,task,class,feature,seed,coefficient_mean,coefficient_sd,fold_selection_frequency,n_folds,selected
BC-Jackson2020,response,1,utag_0000,0,0.006268085166811943,0.020238399047915,0.6,5,True
BC-Jackson2020,response,1,utag_0000,1,-0.054921260289847854,0.33941094586156884,1.0,5,True
BC-Jackson2020,response,1,utag_0000,2,-0.0725139532238245,0.12733177501994783,1.0,5,True
BC-Jackson2020,response,1,utag_0001,0,0.0900938205420971,0.43036640928665093,0.8,5,True
BC-Jackson2020,response,1,utag_0001,1,0.02712903022766113,0.21671807440857377,0.8,5,True
BC-Jackson2020,response,1,utag_0001,2,-0.02748527154326439,0.18767070250739198,1.0,5,True
BC-Jackson2020,response,1,utag_0002,0,-0.09882064759731293,0.10449700160648753,1.0,5,True
BC-Jackson2020,response,1,utag_0002,1,-0.0002913713455200195,0.1334944255133712,0.8,5,True
BC-Jackson2020,response,1,utag_0002,2,-0.06081610526889562,0.14966056924776402,1.0,5,True
BC-Jackson2020,response,1,utag_0003,0,-0.1071122258901596,0.15509105032998846,1.0,5,True
BC-Jackson2020,response,1,utag_0003,1,0.0585138101130724,0.15673646270555083,0.6,5,True
BC-Jackson2020,response,1,utag_0003,2,-0.03070907723158598,0.07950479751650266,0.8,5,True
BC-Jackson2020,response,1,utag_0004,0,-0.02172277569770813,0.06001586911548017,0.6,5,True
BC-Jackson2020,response,1,utag_0004,1,-0.04716361545724794,0.07573379213118336,0.6,5,True
BC-Jackson2020,response,1,utag_0004,2,-0.018271830677986146,0.1492200624290846,0.6,5,True
BC-Jackson2020,response,1,utag_0005,0,-0.07357383333146572,0.18312401564754865,0.8,5,True
BC-Jackson2020,response,1,utag_0005,1,-0.10295274928212166,0.10841794599454622,1.0,5,True
BC-Jackson2020,response,1,utag_0005,2,-0.022579404711723327,0.050489083826892406,0.2,5,False
BC-Jackson2020,response,1,utag_0006,0,-0.02931528687477112,0.14885095844885393,0.8,5,True
BC-Jackson2020,response,1,utag_0006,1,-0.10711904838681222,0.14518989066241506,0.8,5,True
BC-Jackson2020,response,1,utag_0006,2,0.023636636137962342,0.16139119731750717,0.6,5,True
BC-Jackson2020,response,1,utag_0007,0,0.06043732315301895,0.1288108357685262,0.8,5,True
BC-Jackson2020,response,1,utag_0007,1,-0.015042134560644627,0.08220439759309323,1.0,5,True
BC-Jackson2020,response,1,utag_0007,2,-0.177333764731884,0.1873045663189305,1.0,5,True
BC-Jackson2020,response,1,utag_0008,0,0.05643581822514534,0.08391637675798606,0.8,5,True
BC-Jackson2020,response,1,utag_0008,1,-0.018718869984149934,0.20723183144071192,0.6,5,True
BC-Jackson2020,response,1,utag_0008,2,-0.09040727093815804,0.10864606927785861,0.8,5,True
BC-Jackson2020,response,1,utag_0009,0,0.02098071128129959,0.29640781334198346,1.0,5,True
BC-Jackson2020,response,1,utag_0009,1,-0.11842788010835648,0.3557572717508881,0.8,5,True
BC-Jackson2020,response,1,utag_0009,2,-0.13089540898799895,0.19569187180588765,0.4,5,False
BC-Jackson2020,clinical_type,HR+HER2+,utag_0000,0,0.024982114508748054,0.17988960571859394,0.8,5,True
BC-Jackson2020,clinical_type,HR+HER2+,utag_0000,1,-0.050409619510173795,0.059110611114389554,0.6,5,True
BC-Jackson2020,clinical_type,HR+HER2+,utag_0000,2,-0.2803376391530037,0.5329207186090883,0.8,5,True
BC-Jackson2020,clinical_type,HR+HER2+,utag_0001,0,0.04527936256490648,0.1683543826962947,1.0,5,True
BC-Jackson2020,clinical_type,HR+HER2+,utag_0001,1,0.14521860536187886,0.23085365971205624,1.0,5,True
BC-Jackson2020,clinical_type,HR+HER2+,utag_0001,2,0.06055529117584228,0.17978898784658975,0.8,5,True
BC-Jackson2020,clinical_type,HR+HER2+,utag_0002,0,-0.02612708357628435,0.09824012133223571,0.8,5,True
BC-Jackson2020,clinical_type,HR+HER2+,utag_0002,1,-0.08068220615386963,0.4264543576705471,0.8,5,True
BC-Jackson2020,clinical_type,HR+HER2+,utag_0002,2,0.05463502405982581,0.055945055390487275,1.0,5,True
BC-Jackson2020,clinical_type,HR+HER2+,utag_0003,0,-0.308435694873333,0.8149465146471114,1.0,5,True
BC-Jackson2020,clinical_type,HR+HER2+,utag_0003,1,0.04648298127576709,0.0691922867767955,0.6,5,True
BC-Jackson2020,clinical_type,HR+HER2+,utag_0003,2,0.013239525258541107,0.10548732142354858,0.4,5,False
BC-Jackson2020,clinical_type,HR+HER2+,utag_0004,0,-0.3213037133216858,0.3334760303497721,0.6,5,True
BC-Jackson2020,clinical_type,HR+HER2+,utag_0004,1,-0.16176114287227392,0.3152461387685211,1.0,5,True
BC-Jackson2020,clinical_type,HR+HER2+,utag_0004,2,0.10122008773032576,0.14141549976792436,0.6,5,True
BC-Jackson2020,clinical_type,HR+HER2+,utag_0005,0,0.019960008177440612,0.13462953093525984,1.0,5,True
BC-Jackson2020,clinical_type,HR+HER2+,utag_0005,1,-0.42257064282894136,0.8696296902114979,0.4,5,False
BC-Jackson2020,clinical_type,HR+HER2+,utag_0005,2,-0.020337381958961488,0.4254722558038393,0.8,5,True
BC-Jackson2020,clinical_type,HR+HER2+,utag_0006,0,-0.15602870900183916,0.5650594788796199,0.8,5,True
BC-Jackson2020,clinical_type,HR+HER2+,utag_0006,1,-0.005360119469696656,0.2315510085649723,1.0,5,True
BC-Jackson2020,clinical_type,HR+HER2+,utag_0006,2,0.020987356454133986,0.4429152919398646,0.8,5,True
BC-Jackson2020,clinical_type,HR+HER2+,utag_0007,0,-0.4133338056504726,0.7282324977467186,0.8,5,True
BC-Jackson2020,clinical_type,HR+HER2+,utag_0007,1,-0.750901734828949,1.8025115614949152,0.6,5,True
BC-Jackson2020,clinical_type,HR+HER2+,utag_0007,2,-0.2899307176470757,0.885445414347278,0.6,5,True
BC-Jackson2020,clinical_type,HR+HER2+,utag_0008,0,-0.04673553109169006,0.6398272318359189,0.8,5,True
BC-Jackson2020,clinical_type,HR+HER2+,utag_0008,1,-0.09620266128331423,0.2010555690857328,0.8,5,True
BC-Jackson2020,clinical_type,HR+HER2+,utag_0008,2,-0.13145414404571057,0.1808354133265427,0.8,5,True
BC-Jackson2020,clinical_type,HR+HER2+,utag_0009,0,-0.00487930690869689,0.353082046425097,1.0,5,True
BC-Jackson2020,clinical_type,HR+HER2+,utag_0009,1,-0.025943124294281007,0.17830706290300002,0.8,5,True
BC-Jackson2020,clinical_type,HR+HER2+,utag_0009,2,0.02696846779435873,0.2552663561492195,0.8,5,True
BC-Jackson2020,clinical_type,HR+HER2-,utag_0000,0,0.07771793119609356,0.17113631528332932,1.0,5,True
BC-Jackson2020,clinical_type,HR+HER2-,utag_0000,1,0.0518925741314888,0.16259156042519476,0.8,5,True
BC-Jackson2020,clinical_type,HR+HER2-,utag_0000,2,0.04717337489128113,0.1926886971801581,1.0,5,True
BC-Jackson2020,clinical_type,HR+HER2-,utag_0001,0,0.049180554421036506,0.13823672208659415,0.6,5,True
BC-Jackson2020,clinical_type,HR+HER2-,utag_0001,1,0.022931978106498718,0.1594914280562696,0.8,5,True
BC-Jackson2020,clinical_type,HR+HER2-,utag_0001,2,-0.0646503746509552,0.19845994205947998,0.6,5,True
BC-Jackson2020,clinical_type,HR+HER2-,utag_0002,0,0.07088622599840164,0.17125601212137523,0.8,5,True
BC-Jackson2020,clinical_type,HR+HER2-,utag_0002,1,0.04279819428920746,0.16020923678829735,0.4,5,False
BC-Jackson2020,clinical_type,HR+HER2-,utag_0002,2,0.05873083802871406,0.11585776304538933,0.8,5,True
BC-Jackson2020,clinical_type,HR+HER2-,utag_0003,0,0.011889351904392243,0.30761304795355565,1.0,5,True
BC-Jackson2020,clinical_type,HR+HER2-,utag_0003,1,-0.029385267570614815,0.16939029871085626,0.6,5,True
BC-Jackson2020,clinical_type,HR+HER2-,utag_0003,2,-0.0422797828912735,0.09454046861882015,0.2,5,False
BC-Jackson2020,clinical_type,HR+HER2-,utag_0004,0,0.11563656134530902,0.18442356233811014,1.0,5,True
BC-Jackson2020,clinical_type,HR+HER2-,utag_0004,1,0.08192582277115434,0.0967512961091237,1.0,5,True
BC-Jackson2020,clinical_type,HR+HER2-,utag_0004,2,0.08995676189661025,0.1422851831234447,0.8,5,True
BC-Jackson2020,clinical_type,HR+HER2-,utag_0005,0,-0.0040680901147425175,0.08171251811958295,0.8,5,True
BC-Jackson2020,clinical_type,HR+HER2-,utag_0005,1,0.1252939671278,0.1880417431641535,0.8,5,True
BC-Jackson2020,clinical_type,HR+HER2-,utag_0005,2,0.24610035810619593,0.2714563838973383,1.0,5,True
BC-Jackson2020,clinical_type,HR+HER2-,utag_0006,0,-0.005373721942305565,0.14690594706563423,0.6,5,True
BC-Jackson2020,clinical_type,HR+HER2-,utag_0006,1,0.05110150426626205,0.3901311195166376,1.0,5,True
BC-Jackson2020,clinical_type,HR+HER2-,utag_0006,2,-0.03732542097568512,0.35550432249199354,1.0,5,True
BC-Jackson2020,clinical_type,HR+HER2-,utag_0007,0,0.15060979425907134,0.4155998270017992,0.8,5,True
BC-Jackson2020,clinical_type,HR+HER2-,utag_0007,1,0.14084525033831596,0.22963064709409278,0.8,5,True
BC-Jackson2020,clinical_type,HR+HER2-,utag_0007,2,0.0650888741016388,0.45530247788462896,0.8,5,True
BC-Jackson2020,clinical_type,HR+HER2-,utag_0008,0,0.0994807779788971,0.24751175424983737,1.0,5,True
BC-Jackson2020,clinical_type,HR+HER2-,utag_0008,1,-0.011982052028179169,0.1431808883338138,0.6,5,True
BC-Jackson2020,clinical_type,HR+HER2-,utag_0008,2,0.01871414892375469,0.20523943416468882,0.8,5,True
BC-Jackson2020,clinical_type,HR+HER2-,utag_0009,0,0.08374088406562805,0.22115990202429123,1.0,5,True
BC-Jackson2020,clinical_type,HR+HER2-,utag_0009,1,-0.10113460123538971,0.18742462721891917,0.8,5,True
BC-Jackson2020,clinical_type,HR+HER2-,utag_0009,2,0.04353947341442108,0.1453545984033671,0.6,5,True
BC-Jackson2020,clinical_type,HR-HER2+,utag_0000,0,0.025295180082321168,0.2573026968340529,0.8,5,True
BC-Jackson2020,clinical_type,HR-HER2+,utag_0000,1,0.17245177626609803,0.11659681957418219,0.8,5,True
BC-Jackson2020,clinical_type,HR-HER2+,utag_0000,2,0.17741276174783707,0.27487063706767234,0.8,5,True
BC-Jackson2020,clinical_type,HR-HER2+,utag_0001,0,0.027646624995395542,0.232183675173865,0.8,5,True
BC-Jackson2020,clinical_type,HR-HER2+,utag_0001,1,-0.07221447725314648,0.14167460818008681,1.0,5,True
BC-Jackson2020,clinical_type,HR-HER2+,utag_0001,2,0.035470235720276834,0.09709012646115917,0.6,5,True
BC-Jackson2020,clinical_type,HR-HER2+,utag_0002,0,0.009837573766708374,0.08796044764432691,0.8,5,True
BC-Jackson2020,clinical_type,HR-HER2+,utag_0002,1,-0.012217860668897629,0.08575244153285953,0.8,5,True
BC-Jackson2020,clinical_type,HR-HER2+,utag_0002,2,-0.11566533893346786,0.2799176677706332,1.0,5,True
BC-Jackson2020,clinical_type,HR-HER2+,utag_0003,0,0.15995261073112488,0.43208734386281794,1.0,5,True
BC-Jackson2020,clinical_type,HR-HER2+,utag_0003,1,-0.015697266161441802,0.0710065149314566,0.4,5,False
BC-Jackson2020,clinical_type,HR-HER2+,utag_0003,2,0.002498805522918701,0.04569047484877,0.6,5,True
BC-Jackson2020,clinical_type,HR-HER2+,utag_0004,0,-0.32179658859968185,0.61408806261423,1.0,5,True
BC-Jackson2020,clinical_type,HR-HER2+,utag_0004,1,0.018675875663757325,0.21958383880913815,0.8,5,True
BC-Jackson2020,clinical_type,HR-HER2+,utag_0004,2,0.03916010092943907,0.05664909376176713,1.0,5,True
BC-Jackson2020,clinical_type,HR-HER2+,utag_0005,0,-0.012738016992807388,0.18056723943686975,0.8,5,True
BC-Jackson2020,clinical_type,HR-HER2+,utag_0005,1,-1.11480969786644,1.5757413848268906,0.8,5,True
BC-Jackson2020,clinical_type,HR-HER2+,utag_0005,2,-0.26410823315382004,0.34298371555736396,0.8,5,True
BC-Jackson2020,clinical_type,HR-HER2+,utag_0006,0,0.0831221155822277,0.26149781666674177,0.8,5,True
BC-Jackson2020,clinical_type,HR-HER2+,utag_0006,1,0.13906834721565248,0.09849354455285442,0.8,5,True
BC-Jackson2020,clinical_type,HR-HER2+,utag_0006,2,-0.28763380348682405,0.9284202016042674,1.0,5,True
BC-Jackson2020,clinical_type,HR-HER2+,utag_0007,0,-0.3623892813920975,1.497835035604194,0.8,5,True
BC-Jackson2020,clinical_type,HR-HER2+,utag_0007,1,-0.050839127600193025,0.35026190530148543,0.8,5,True
BC-Jackson2020,clinical_type,HR-HER2+,utag_0007,2,-0.06691569983959197,0.2684748643695979,0.6,5,True
BC-Jackson2020,clinical_type,HR-HER2+,utag_0008,0,-0.16667112037539483,0.5706294391636068,0.8,5,True
BC-Jackson2020,clinical_type,HR-HER2+,utag_0008,1,-0.1931133195757866,0.5374553408338691,0.8,5,True
BC-Jackson2020,clinical_type,HR-HER2+,utag_0008,2,-0.3651046758983284,0.9009030158358058,0.8,5,True
BC-Jackson2020,clinical_type,HR-HER2+,utag_0009,0,0.1298766086809337,0.27905370883628955,1.0,5,True
BC-Jackson2020,clinical_type,HR-HER2+,utag_0009,1,-0.06073439233005047,0.20013671973388844,1.0,5,True
BC-Jackson2020,clinical_type,HR-HER2+,utag_0009,2,-0.00884995311498642,0.13426114590959443,0.6,5,True
BC-Jackson2020,clinical_type,TripleNeg,utag_0000,0,-0.6532264642417431,0.9126670483814894,1.0,5,True
BC-Jackson2020,clinical_type,TripleNeg,utag_0000,1,-0.362772935628891,0.7162882603087616,0.8,5,True
BC-Jackson2020,clinical_type,TripleNeg,utag_0000,2,-0.010637392103672028,0.45915240332465396,1.0,5,True
BC-Jackson2020,clinical_type,TripleNeg,utag_0001,0,-0.08930658120661975,0.47505814075521074,1.0,5,True
BC-Jackson2020,clinical_type,TripleNeg,utag_0001,1,-0.07756217047572136,0.27211755167528145,1.0,5,True
BC-Jackson2020,clinical_type,TripleNeg,utag_0001,2,-0.061060305684804916,0.11598647558651591,0.8,5,True
BC-Jackson2020,clinical_type,TripleNeg,utag_0002,0,-0.035696763172745706,0.16955347544778746,0.6,5,True
BC-Jackson2020,clinical_type,TripleNeg,utag_0002,1,-0.1059083539817948,0.5561425215210926,1.0,5,True
BC-Jackson2020,clinical_type,TripleNeg,utag_0002,2,-0.05486578196287155,0.28764859547548416,0.8,5,True
BC-Jackson2020,clinical_type,TripleNeg,utag_0003,0,0.16297524571418762,0.4957280668008289,1.0,5,True
BC-Jackson2020,clinical_type,TripleNeg,utag_0003,1,-0.07140941470861435,0.06999784680486346,0.6,5,True
BC-Jackson2020,clinical_type,TripleNeg,utag_0003,2,0.01722600720822811,0.04927403762766317,0.4,5,False
BC-Jackson2020,clinical_type,TripleNeg,utag_0004,0,0.17397140264511107,0.19489381844672465,0.8,5,True
BC-Jackson2020,clinical_type,TripleNeg,utag_0004,1,0.04692532336339354,0.1614020011626495,1.0,5,True
BC-Jackson2020,clinical_type,TripleNeg,utag_0004,2,-0.47994726821780204,0.43196256153534957,1.0,5,True
BC-Jackson2020,clinical_type,TripleNeg,utag_0005,0,-0.07812834586948156,0.2048779090548441,0.8,5,True
BC-Jackson2020,clinical_type,TripleNeg,utag_0005,1,0.1313974842429161,0.18382455038791298,0.6,5,True
BC-Jackson2020,clinical_type,TripleNeg,utag_0005,2,0.1303039960563183,0.21770224671290303,0.6,5,True
BC-Jackson2020,clinical_type,TripleNeg,utag_0006,0,0.17813621731474996,0.45460632073232116,0.6,5,True
BC-Jackson2020,clinical_type,TripleNeg,utag_0006,1,-0.29973988570272925,0.6585329934161844,1.0,5,True
BC-Jackson2020,clinical_type,TripleNeg,utag_0006,2,0.04573420211672783,0.30518472374929334,0.6,5,True
BC-Jackson2020,clinical_type,TripleNeg,utag_0007,0,0.3661933492869139,0.7740626813968609,1.0,5,True
BC-Jackson2020,clinical_type,TripleNeg,utag_0007,1,0.3841588333249092,0.6060071063648103,0.8,5,True
BC-Jackson2020,clinical_type,TripleNeg,utag_0007,2,0.10619001165032387,0.2742550798196654,1.0,5,True
BC-Jackson2020,clinical_type,TripleNeg,utag_0008,0,-0.13662864714860917,0.4308621688375934,0.8,5,True
BC-Jackson2020,clinical_type,TripleNeg,utag_0008,1,0.1230043264105916,0.19424724603008472,0.8,5,True
BC-Jackson2020,clinical_type,TripleNeg,utag_0008,2,0.22232238352298736,0.07756641652782727,1.0,5,True
BC-Jackson2020,clinical_type,TripleNeg,utag_0009,0,-0.159566979855299,0.2833361690317745,1.0,5,True
BC-Jackson2020,clinical_type,TripleNeg,utag_0009,1,-0.0667164906859398,0.6834508025509631,1.0,5,True
BC-Jackson2020,clinical_type,TripleNeg,utag_0009,2,-0.20068847760558128,0.4039071599152905,1.0,5,True
BC-METABRIC-Ali2020,ER_status,1,utag_0000,0,-0.02139568030834198,0.571408116647986,0.8,5,True
BC-METABRIC-Ali2020,ER_status,1,utag_0000,1,-0.6018477875739336,1.2801537383578832,0.8,5,True
BC-METABRIC-Ali2020,ER_status,1,utag_0000,2,-0.16365334215806798,0.271478215208301,1.0,5,True
BC-METABRIC-Ali2020,ER_status,1,utag_0001,0,-0.159160827845335,0.29362837633556704,0.8,5,True
BC-METABRIC-Ali2020,ER_status,1,utag_0001,1,0.179036682844162,0.28476623214516505,0.8,5,True
BC-METABRIC-Ali2020,ER_status,1,utag_0001,2,-0.31942163966596127,1.2133751993179211,1.0,5,True
BC-METABRIC-Ali2020,ER_status,1,utag_0002,0,-0.17744437395085697,0.49393389754835254,0.8,5,True
BC-METABRIC-Ali2020,ER_status,1,utag_0002,1,-0.1046589337522164,0.18350672178909694,0.6,5,True
BC-METABRIC-Ali2020,ER_status,1,utag_0002,2,-0.269586418569088,0.8307217161953014,0.8,5,True
BC-METABRIC-Ali2020,ER_status,1,utag_0003,0,0.07539301216602326,0.4230167172808493,1.0,5,True
BC-METABRIC-Ali2020,ER_status,1,utag_0003,1,-0.37223653122782707,0.6966315771169257,0.8,5,True
BC-METABRIC-Ali2020,ER_status,1,utag_0003,2,0.06398671716451645,0.23081734315122732,0.6,5,True
BC-METABRIC-Ali2020,ER_status,1,utag_0004,0,-0.11013391315937042,0.17387214998139253,0.8,5,True
BC-METABRIC-Ali2020,ER_status,1,utag_0004,1,0.025674522668123246,0.307883990343903,1.0,5,True
BC-METABRIC-Ali2020,ER_status,1,utag_0004,2,-0.6885034173727036,1.2932887446390877,1.0,5,True
BC-METABRIC-Ali2020,ER_status,1,utag_0005,0,-0.24599204044789075,1.1577825621540259,0.8,5,True
BC-METABRIC-Ali2020,ER_status,1,utag_0005,1,1.341477319598198,1.6544625092507552,1.0,5,True
BC-METABRIC-Ali2020,ER_status,1,utag_0005,2,0.11226529814302921,0.29603577097501005,0.6,5,True
BC-METABRIC-Ali2020,ER_status,1,utag_0006,0,-0.06452715918421745,0.24424742564827862,0.8,5,True
BC-METABRIC-Ali2020,ER_status,1,utag_0006,1,-0.08722820430994034,0.10847014695971552,0.8,5,True
BC-METABRIC-Ali2020,ER_status,1,utag_0006,2,-0.08209807239472866,0.12548708380628637,1.0,5,True
BC-METABRIC-Ali2020,ER_status,1,utag_0007,0,-0.058910349011421205,0.7936978715961022,1.0,5,True
BC-METABRIC-Ali2020,ER_status,1,utag_0007,1,0.27476643323898314,0.4975003334048107,1.0,5,True
BC-METABRIC-Ali2020,ER_status,1,utag_0007,2,-0.5287042319774627,0.5721270411275735,0.8,5,True
BC-METABRIC-Ali2020,ER_status,1,utag_0008,0,-0.15327238142490388,0.22887160816227411,1.0,5,True
BC-METABRIC-Ali2020,ER_status,1,utag_0008,1,0.012126603722572326,0.4861563779700712,1.0,5,True
BC-METABRIC-Ali2020,ER_status,1,utag_0008,2,-0.05778568685054779,0.33332415407131094,1.0,5,True
BC-METABRIC-Ali2020,ER_status,1,utag_0009,0,-0.7521367586276029,1.0025565610050446,1.0,5,True
BC-METABRIC-Ali2020,ER_status,1,utag_0009,1,-0.017186646140180527,0.41540561060063463,0.8,5,True
BC-METABRIC-Ali2020,ER_status,1,utag_0009,2,0.18584541082382203,0.14023778858895158,0.8,5,True
CRC-Schurch2020,CLR_DII,1,utag_0000,0,0.05334357172250748,0.2566389233787279,0.8,5,True
CRC-Schurch2020,CLR_DII,1,utag_0000,1,-0.07145421579480171,0.18301083739543028,0.8,5,True
CRC-Schurch2020,CLR_DII,1,utag_0000,2,0.18430280089378356,0.2985680564539767,1.0,5,True
CRC-Schurch2020,CLR_DII,1,utag_0001,0,-0.12906993329524993,0.18054191396745745,0.6,5,True
CRC-Schurch2020,CLR_DII,1,utag_0001,1,-0.03418622016906738,0.362137235407655,0.8,5,True
CRC-Schurch2020,CLR_DII,1,utag_0001,2,-0.11217450499534606,0.19992020241202266,0.6,5,True
CRC-Schurch2020,CLR_DII,1,utag_0002,0,-0.1178788736462593,0.5786325817145398,1.0,5,True
CRC-Schurch2020,CLR_DII,1,utag_0002,1,0.20062987506389618,0.35311589249528846,0.6,5,True
CRC-Schurch2020,CLR_DII,1,utag_0002,2,-0.1581672966480255,0.31849839848760547,0.8,5,True
CRC-Schurch2020,CLR_DII,1,utag_0003,0,0.2030970437452197,0.34380004261996283,1.0,5,True
CRC-Schurch2020,CLR_DII,1,utag_0003,1,0.1858711015433073,0.5263202069876972,1.0,5,True
CRC-Schurch2020,CLR_DII,1,utag_0003,2,-0.03567239865660667,0.19233178613616214,1.0,5,True
CRC-Schurch2020,CLR_DII,1,utag_0004,0,-0.022079376876354216,0.31812740121878713,0.8,5,True
CRC-Schurch2020,CLR_DII,1,utag_0004,1,0.12785824090242387,0.3235228779047857,0.8,5,True
CRC-Schurch2020,CLR_DII,1,utag_0004,2,0.06935869455337525,0.2253077465488688,0.8,5,True
CRC-Schurch2020,CLR_DII,1,utag_0005,0,0.23041350208222866,0.48296129871014487,1.0,5,True
CRC-Schurch2020,CLR_DII,1,utag_0005,1,0.06564652770757676,0.27775906434139874,0.6,5,True
CRC-Schurch2020,CLR_DII,1,utag_0005,2,-0.1550958752632141,0.15455528108875408,0.6,5,True
CRC-Schurch2020,CLR_DII,1,utag_0006,0,-0.2114133493974805,0.21466193135359646,1.0,5,True
CRC-Schurch2020,CLR_DII,1,utag_0006,1,0.07802210431545972,0.22795283445779635,1.0,5,True
CRC-Schurch2020,CLR_DII,1,utag_0006,2,0.12176430076360703,0.23176175242135863,0.4,5,False
CRC-Schurch2020,CLR_DII,1,utag_0007,0,0.23093840554356576,0.4476675991700178,0.6,5,True
CRC-Schurch2020,CLR_DII,1,utag_0007,1,-0.021227915585041047,0.1929065684463433,0.8,5,True
CRC-Schurch2020,CLR_DII,1,utag_0007,2,0.28724342323839663,0.4401842366519433,0.6,5,True
CRC-Schurch2020,CLR_DII,1,utag_0008,0,0.13019325584173203,0.16575307567578484,1.0,5,True
CRC-Schurch2020,CLR_DII,1,utag_0008,1,-0.310927964001894,0.32349572096993323,0.8,5,True
CRC-Schurch2020,CLR_DII,1,utag_0008,2,0.002000771462917328,0.3557953544157543,0.6,5,True
CRC-Schurch2020,CLR_DII,1,utag_0009,0,0.08017913848161698,0.19832112514645575,0.8,5,True
CRC-Schurch2020,CLR_DII,1,utag_0009,1,-0.00045263171195983885,0.3381699105999987,0.8,5,True
CRC-Schurch2020,CLR_DII,1,utag_0009,2,0.2794460833072662,0.43244249756439185,1.0,5,True
CRC-Wu2022,primary_outcome,1,utag_0000,0,-0.16370198391377927,0.18617563947438934,0.8,5,True
CRC-Wu2022,primary_outcome,1,utag_0000,1,0.10381891280412674,0.15830445206489532,0.8,5,True
CRC-Wu2022,primary_outcome,1,utag_0000,2,-0.09826994547620416,0.21525246969634113,0.8,5,True
CRC-Wu2022,primary_outcome,1,utag_0001,0,0.08512564431875944,0.1827014619690477,0.4,5,False
CRC-Wu2022,primary_outcome,1,utag_0001,1,0.07414277717471122,0.29130743032905576,1.0,5,True
CRC-Wu2022,primary_outcome,1,utag_0001,2,-0.0060975581407547,0.10385814744324373,0.6,5,True
CRC-Wu2022,primary_outcome,1,utag_0002,0,-0.031377267092466354,0.4087174072772194,1.0,5,True
CRC-Wu2022,primary_outcome,1,utag_0002,1,0.013052156753838062,0.053498149475408964,0.6,5,True
CRC-Wu2022,primary_outcome,1,utag_0002,2,-0.01946261040866375,0.0674544106258215,0.6,5,True
CRC-Wu2022,primary_outcome,1,utag_0003,0,-0.09578100219368935,0.25784975026685103,0.8,5,True
CRC-Wu2022,primary_outcome,1,utag_0003,1,-0.12529519498348235,0.1960855241711769,1.0,5,True
CRC-Wu2022,primary_outcome,1,utag_0003,2,-0.1562143698334694,0.226930964070629,1.0,5,True
CRC-Wu2022,primary_outcome,1,utag_0004,0,-0.17745295967906713,0.24634906779674287,0.8,5,True
CRC-Wu2022,primary_outcome,1,utag_0004,1,-0.015585295110940933,0.08657287177994147,1.0,5,True
CRC-Wu2022,primary_outcome,1,utag_0004,2,-0.04073115140199661,0.23315089140740095,0.8,5,True
CRC-Wu2022,primary_outcome,1,utag_0005,0,-0.013317420892417432,0.023162288055864688,0.4,5,False
CRC-Wu2022,primary_outcome,1,utag_0005,1,0.10400932133197785,0.24182526053697587,0.6,5,True
CRC-Wu2022,primary_outcome,1,utag_0005,2,0.035188709199428556,0.05065003471784204,0.4,5,False
CRC-Wu2022,primary_outcome,1,utag_0006,0,-0.12377898395061493,0.21287503424226595,0.6,5,True
CRC-Wu2022,primary_outcome,1,utag_0006,1,-0.09130764454603195,0.25773855031771964,1.0,5,True
CRC-Wu2022,primary_outcome,1,utag_0006,2,-0.12026260793209076,0.22131848881065577,1.0,5,True
CRC-Wu2022,primary_outcome,1,utag_0007,0,-0.02841370701789856,0.13542107283778168,0.8,5,True
CRC-Wu2022,primary_outcome,1,utag_0007,1,-0.11104117948561906,0.2134966885750545,0.8,5,True
CRC-Wu2022,primary_outcome,1,utag_0007,2,0.0767786256968975,0.09188182445246133,0.6,5,True
CRC-Wu2022,primary_outcome,1,utag_0008,0,0.01942717805504799,0.08737996626115041,0.8,5,True
CRC-Wu2022,primary_outcome,1,utag_0008,1,-0.03548360653221607,0.19041826802953535,0.8,5,True
CRC-Wu2022,primary_outcome,1,utag_0008,2,-0.09331141896545887,0.494472928121278,0.8,5,True
CRC-Wu2022,primary_outcome,1,utag_0009,0,-0.04615580514073372,0.27619177265723405,0.8,5,True
CRC-Wu2022,primary_outcome,1,utag_0009,1,-0.07672396004199981,0.1557003168776003,0.6,5,True
CRC-Wu2022,primary_outcome,1,utag_0009,2,-0.004476901050657034,0.21883617106925615,1.0,5,True
HNC-Wu2022,primary_outcome,1,utag_0000,0,0.1052168071269989,0.27849426123704013,0.8,5,True
HNC-Wu2022,primary_outcome,1,utag_0000,1,0.1981707215309143,0.3908789556506607,1.0,5,True
HNC-Wu2022,primary_outcome,1,utag_0000,2,0.16673765182495118,0.15335888273959392,1.0,5,True
HNC-Wu2022,primary_outcome,1,utag_0001,0,-0.0779680460691452,0.4125877729340309,1.0,5,True
HNC-Wu2022,primary_outcome,1,utag_0001,1,0.039127779006958005,0.3584360813232073,0.8,5,True
HNC-Wu2022,primary_outcome,1,utag_0001,2,0.012853477895259858,0.1868749788410764,0.8,5,True
HNC-Wu2022,primary_outcome,1,utag_0002,0,0.15086263716220855,0.41264171050079596,1.0,5,True
HNC-Wu2022,primary_outcome,1,utag_0002,1,0.230106982588768,0.25401708754678526,0.6,5,True
HNC-Wu2022,primary_outcome,1,utag_0002,2,0.11759347319602967,0.4440894828302816,0.4,5,False
HNC-Wu2022,primary_outcome,1,utag_0003,0,0.09821260273456574,0.507101799012513,1.0,5,True
HNC-Wu2022,primary_outcome,1,utag_0003,1,-0.0366408477537334,0.12118769324509698,0.8,5,True
HNC-Wu2022,primary_outcome,1,utag_0003,2,-0.003982770442962647,0.2792751705148399,1.0,5,True
HNC-Wu2022,primary_outcome,1,utag_0004,0,0.2364683747291565,0.4667566465085811,0.6,5,True
HNC-Wu2022,primary_outcome,1,utag_0004,1,0.37691713869571686,0.29077077138375923,0.8,5,True
HNC-Wu2022,primary_outcome,1,utag_0004,2,-0.03738456070423126,0.35021000710841677,1.0,5,True
HNC-Wu2022,primary_outcome,1,utag_0005,0,0.18625249713659286,0.3212749779978343,0.8,5,True
HNC-Wu2022,primary_outcome,1,utag_0005,1,-0.11037397980690003,0.2159809075261475,0.8,5,True
HNC-Wu2022,primary_outcome,1,utag_0005,2,0.009624447673559189,0.2837650260270477,1.0,5,True
HNC-Wu2022,primary_outcome,1,utag_0006,0,0.10273918211460113,0.2361990886071949,0.8,5,True
HNC-Wu2022,primary_outcome,1,utag_0006,1,-0.23552651554346085,0.37529735637571915,1.0,5,True
HNC-Wu2022,primary_outcome,1,utag_0006,2,0.09908579345792531,0.23614164107470523,1.0,5,True
HNC-Wu2022,primary_outcome,1,utag_0007,0,-0.05422647446393967,0.22842001504006168,1.0,5,True
HNC-Wu2022,primary_outcome,1,utag_0007,1,0.02232458582147956,0.27548048977995526,1.0,5,True
HNC-Wu2022,primary_outcome,1,utag_0007,2,-0.10438447147607803,0.1738452800180759,1.0,5,True
HNC-Wu2022,primary_outcome,1,utag_0008,0,0.17407914698123933,0.29396139087177053,0.8,5,True
HNC-Wu2022,primary_outcome,1,utag_0008,1,0.17284761667251586,0.41477078203890794,1.0,5,True
HNC-Wu2022,primary_outcome,1,utag_0008,2,0.15554500222206116,0.47430593309586305,0.8,5,True
HNC-Wu2022,primary_outcome,1,utag_0009,0,0.18036980628967286,0.23606131843838718,0.8,5,True
HNC-Wu2022,primary_outcome,1,utag_0009,1,-0.1389522835612297,0.388948457053095,1.0,5,True
HNC-Wu2022,primary_outcome,1,utag_0009,2,0.16966308951377868,0.5999804051454585,0.4,5,False
HNC-Wu2022,hpv_status,1,utag_0000,0,0.3783107936382294,0.3109014185214109,0.8,5,True
HNC-Wu2022,hpv_status,1,utag_0000,1,-0.15863315388560295,0.41669960201096234,1.0,5,True
HNC-Wu2022,hpv_status,1,utag_0000,2,0.2438752144575119,0.4702214172177736,0.8,5,True
HNC-Wu2022,hpv_status,1,utag_0001,0,-0.031725891726091505,0.442532996728698,0.8,5,True
HNC-Wu2022,hpv_status,1,utag_0001,1,-0.23917759768664837,0.19113302253496398,1.0,5,True
HNC-Wu2022,hpv_status,1,utag_0001,2,0.2676066406071186,0.5892060295608165,1.0,5,True
HNC-Wu2022,hpv_status,1,utag_0002,0,-0.06911907196044922,0.5574030380976387,1.0,5,True
HNC-Wu2022,hpv_status,1,utag_0002,1,0.2320908337831497,0.5179341992395973,0.6,5,True
HNC-Wu2022,hpv_status,1,utag_0002,2,0.10908263921737671,0.4725464282235662,1.0,5,True
HNC-Wu2022,hpv_status,1,utag_0003,0,-0.17497996613383293,0.15718746006807394,1.0,5,True
HNC-Wu2022,hpv_status,1,utag_0003,1,-0.004992362856864929,0.2825007918595968,0.8,5,True
HNC-Wu2022,hpv_status,1,utag_0003,2,0.07936109900474549,0.2715184527782749,0.4,5,False
HNC-Wu2022,hpv_status,1,utag_0004,0,0.02325371205806732,0.22539449470485953,0.8,5,True
HNC-Wu2022,hpv_status,1,utag_0004,1,0.08614405691623687,0.4252775340097519,1.0,5,True
HNC-Wu2022,hpv_status,1,utag_0004,2,-0.15324777830392122,0.3229355512132445,1.0,5,True
HNC-Wu2022,hpv_status,1,utag_0005,0,0.20678325593471528,0.39109885609150447,1.0,5,True
HNC-Wu2022,hpv_status,1,utag_0005,1,-0.02425549328327179,0.3818762472646596,1.0,5,True
HNC-Wu2022,hpv_status,1,utag_0005,2,0.16084847301244737,0.31747622158667543,1.0,5,True
HNC-Wu2022,hpv_status,1,utag_0006,0,0.0934824787080288,0.2975147616972659,0.8,5,True
HNC-Wu2022,hpv_status,1,utag_0006,1,0.03194531202316284,0.4269462625947614,0.8,5,True
HNC-Wu2022,hpv_status,1,utag_0006,2,-0.06515211462974549,0.25566212361514595,0.8,5,True
HNC-Wu2022,hpv_status,1,utag_0007,0,0.30062890648841856,0.5634936930047175,0.8,5,True
HNC-Wu2022,hpv_status,1,utag_0007,1,0.2749717622995377,0.3237605795907301,0.8,5,True
HNC-Wu2022,hpv_status,1,utag_0007,2,-0.28909758627414706,0.26540107217002074,1.0,5,True
HNC-Wu2022,hpv_status,1,utag_0008,0,-0.20799773633480073,0.37700327801502187,0.8,5,True
HNC-Wu2022,hpv_status,1,utag_0008,1,0.09867524206638337,0.24032770645710744,0.8,5,True
HNC-Wu2022,hpv_status,1,utag_0008,2,0.08890201896429062,0.31129790526206075,1.0,5,True
HNC-Wu2022,hpv_status,1,utag_0009,0,-0.09355442523956299,0.1299489578084324,0.4,5,False
HNC-Wu2022,hpv_status,1,utag_0009,1,0.033828449249267575,0.3618674270644007,1.0,5,True
HNC-Wu2022,hpv_status,1,utag_0009,2,0.02369959354400635,0.3978279742906121,0.8,5,True
LUAD-Sorin2023,progression,1,utag_0000,0,-0.09125042483210563,0.20095635028115363,0.8,5,True
LUAD-Sorin2023,progression,1,utag_0000,1,0.021791692078113555,0.19284731649270215,0.6,5,True
LUAD-Sorin2023,progression,1,utag_0000,2,-0.011141157895326614,0.1722697961059905,1.0,5,True
LUAD-Sorin2023,progression,1,utag_0001,0,0.02286336841061711,0.1007955461826748,0.6,5,True
LUAD-Sorin2023,progression,1,utag_0001,1,-0.09212942384183406,0.12838590186470322,0.8,5,True
LUAD-Sorin2023,progression,1,utag_0001,2,0.07579496428370476,0.08330804606287748,0.6,5,True
LUAD-Sorin2023,progression,1,utag_0002,0,0.026700418256223202,0.08373126793836622,0.8,5,True
LUAD-Sorin2023,progression,1,utag_0002,1,0.004927367717027664,0.011017929165411805,0.2,5,False
LUAD-Sorin2023,progression,1,utag_0002,2,-0.08546261191368103,0.11826829337651755,0.4,5,False
LUAD-Sorin2023,progression,1,utag_0003,0,0.06313277631998063,0.24863652098540215,1.0,5,True
LUAD-Sorin2023,progression,1,utag_0003,1,-0.023196789994835855,0.1327059425354945,1.0,5,True
LUAD-Sorin2023,progression,1,utag_0003,2,-0.01022292320849374,0.20372392184198554,1.0,5,True
LUAD-Sorin2023,progression,1,utag_0004,0,-0.2176424242556095,0.15583036661883995,1.0,5,True
LUAD-Sorin2023,progression,1,utag_0004,1,-0.06595107614994049,0.24837422399665196,0.8,5,True
LUAD-Sorin2023,progression,1,utag_0004,2,-0.22567614018917084,0.11945862883450728,1.0,5,True
LUAD-Sorin2023,progression,1,utag_0005,0,0.011806333065032959,0.19399689935252049,0.8,5,True
LUAD-Sorin2023,progression,1,utag_0005,1,-0.07536515444517136,0.17852569080912317,1.0,5,True
LUAD-Sorin2023,progression,1,utag_0005,2,-0.02930462211370468,0.07643904667550341,0.6,5,True
LUAD-Sorin2023,progression,1,utag_0006,0,-0.08203519582748413,0.30578342824851884,1.0,5,True
LUAD-Sorin2023,progression,1,utag_0006,1,0.05888974098488688,0.1742340423550477,1.0,5,True
LUAD-Sorin2023,progression,1,utag_0006,2,-0.03230880796909332,0.16728793427974623,0.8,5,True
LUAD-Sorin2023,progression,1,utag_0007,0,0.03335287794470787,0.0934104356739455,0.4,5,False
LUAD-Sorin2023,progression,1,utag_0007,1,-0.04991571307182312,0.2792543252674306,1.0,5,True
LUAD-Sorin2023,progression,1,utag_0007,2,-0.0937005639076233,0.24065960423428098,0.8,5,True
LUAD-Sorin2023,progression,1,utag_0008,0,-0.005291818082332611,0.14849576721419736,1.0,5,True
LUAD-Sorin2023,progression,1,utag_0008,1,-0.03211391039367299,0.16583040389914627,1.0,5,True
LUAD-Sorin2023,progression,1,utag_0008,2,0.14268180429935456,0.11554083844392747,0.8,5,True
LUAD-Sorin2023,progression,1,utag_0009,0,-0.01937177814543247,0.20737547915220028,0.8,5,True
LUAD-Sorin2023,progression,1,utag_0009,1,-0.06655784677714109,0.16342289097864243,1.0,5,True
LUAD-Sorin2023,progression,1,utag_0009,2,-0.07187405228614807,0.16431860028819667,0.8,5,True
NSCLC-Aung2025,immunotherapy_response,1,utag_0000,0,-0.021202783286571502,0.04741086474097028,0.2,5,False
NSCLC-Aung2025,immunotherapy_response,1,utag_0000,1,-0.13537996709346772,0.3165571914734827,0.6,5,True
NSCLC-Aung2025,immunotherapy_response,1,utag_0000,2,-0.445157116651535,0.29266796624216607,0.8,5,True
NSCLC-Aung2025,immunotherapy_response,1,utag_0001,0,-0.1828823983669281,0.19083817583792015,1.0,5,True
NSCLC-Aung2025,immunotherapy_response,1,utag_0001,1,0.2502265900373459,0.27976949722451294,1.0,5,True
NSCLC-Aung2025,immunotherapy_response,1,utag_0001,2,-0.3982679158449173,0.3994419769893466,0.8,5,True
NSCLC-Aung2025,immunotherapy_response,1,utag_0002,0,-0.04532141387462616,0.4952996408036242,0.8,5,True
NSCLC-Aung2025,immunotherapy_response,1,utag_0002,1,-0.28123187124729154,0.5148526811840506,0.8,5,True
NSCLC-Aung2025,immunotherapy_response,1,utag_0002,2,-0.19185699000954629,0.4422829051804745,0.4,5,False
NSCLC-Aung2025,immunotherapy_response,1,utag_0003,0,0.18100354559719561,0.35847623383691213,0.8,5,True
NSCLC-Aung2025,immunotherapy_response,1,utag_0003,1,0.1580984890460968,0.32061865655538907,0.6,5,True
NSCLC-Aung2025,immunotherapy_response,1,utag_0003,2,-0.011547872424125671,0.2070275858801731,0.6,5,True
NSCLC-Aung2025,immunotherapy_response,1,utag_0004,0,-0.10993298143148422,0.18156877549121314,0.6,5,True
NSCLC-Aung2025,immunotherapy_response,1,utag_0004,1,-0.2812469519674778,0.24880412452659664,0.8,5,True
NSCLC-Aung2025,immunotherapy_response,1,utag_0004,2,-0.05984233878552914,0.21454918295802797,0.8,5,True
NSCLC-Aung2025,immunotherapy_response,1,utag_0005,0,-0.03724723607301712,0.4542991333785365,1.0,5,True
NSCLC-Aung2025,immunotherapy_response,1,utag_0005,1,-0.2670531213283539,0.290723288689151,0.6,5,True
NSCLC-Aung2025,immunotherapy_response,1,utag_0005,2,-0.2509986475110054,0.3764762919277643,0.6,5,True
NSCLC-Aung2025,immunotherapy_response,1,utag_0006,0,0.06362110227346421,0.5446669936282338,0.8,5,True
NSCLC-Aung2025,immunotherapy_response,1,utag_0006,1,0.0978530652821064,0.191584789469678,0.4,5,False
NSCLC-Aung2025,immunotherapy_response,1,utag_0006,2,0.08285098299384117,0.20151033734094034,0.4,5,False
NSCLC-Aung2025,immunotherapy_response,1,utag_0007,0,-0.18168845772743225,0.3627375085732767,0.8,5,True
NSCLC-Aung2025,immunotherapy_response,1,utag_0007,1,0.17077710330486298,0.5197864960501538,0.4,5,False
NSCLC-Aung2025,immunotherapy_response,1,utag_0007,2,0.0033357590436935425,0.1298469154189465,0.6,5,True
NSCLC-Aung2025,immunotherapy_response,1,utag_0008,0,-0.09875140376389027,0.33594466811025475,0.8,5,True
NSCLC-Aung2025,immunotherapy_response,1,utag_0008,1,-0.13865274637937547,0.34786571819679596,0.8,5,True
NSCLC-Aung2025,immunotherapy_response,1,utag_0008,2,-0.2231650471687317,0.46423120464822376,0.8,5,True
NSCLC-Aung2025,immunotherapy_response,1,utag_0009,0,-0.19981395453214645,0.37626913344152496,0.8,5,True
NSCLC-Aung2025,immunotherapy_response,1,utag_0009,1,-0.05458201691508293,0.11222503112115385,0.6,5,True
NSCLC-Aung2025,immunotherapy_response,1,utag_0009,2,-0.03470892086625099,0.41419860990250273,0.8,5,True
NSCLC-GNN-Hoebel2026,stage_binary,1,utag_0000,0,-0.07536121606826782,0.2149071252245755,1.0,5,True
NSCLC-GNN-Hoebel2026,stage_binary,1,utag_0000,1,-0.3074189782142639,0.29696417292025484,0.6,5,True
NSCLC-GNN-Hoebel2026,stage_binary,1,utag_0000,2,-0.10368725880980492,0.18042772140168511,0.8,5,True
NSCLC-GNN-Hoebel2026,stage_binary,1,utag_0001,0,-0.08063961416482926,0.18814086805115093,1.0,5,True
NSCLC-GNN-Hoebel2026,stage_binary,1,utag_0001,1,-0.3600256532430649,0.26595197261977366,0.8,5,True
NSCLC-GNN-Hoebel2026,stage_binary,1,utag_0001,2,-0.30935069201514126,0.19960435402892332,1.0,5,True
NSCLC-GNN-Hoebel2026,stage_binary,1,utag_0002,0,0.07771629244089126,0.24374500835192256,0.8,5,True
NSCLC-GNN-Hoebel2026,stage_binary,1,utag_0002,1,0.09006808400154113,0.1981592266537698,0.8,5,True
NSCLC-GNN-Hoebel2026,stage_binary,1,utag_0002,2,-0.043715018033981326,0.350672806581206,0.6,5,True
NSCLC-GNN-Hoebel2026,stage_binary,1,utag_0003,0,0.1719212055206299,0.7044174149098869,1.0,5,True
NSCLC-GNN-Hoebel2026,stage_binary,1,utag_0003,1,0.2599879503250122,0.5630449285424464,0.8,5,True
NSCLC-GNN-Hoebel2026,stage_binary,1,utag_0003,2,0.24735224843025208,0.559974088424453,1.0,5,True
NSCLC-GNN-Hoebel2026,stage_binary,1,utag_0004,0,0.04008711576461792,0.5607219618556402,0.6,5,True
NSCLC-GNN-Hoebel2026,stage_binary,1,utag_0004,1,0.16414403393864632,0.5424407604335377,1.0,5,True
NSCLC-GNN-Hoebel2026,stage_binary,1,utag_0004,2,0.2058349944651127,0.6190717353919658,1.0,5,True
NSCLC-GNN-Hoebel2026,stage_binary,1,utag_0005,0,-0.25658738501369954,0.5577848718659706,1.0,5,True
NSCLC-GNN-Hoebel2026,stage_binary,1,utag_0005,1,-0.19099924266338347,0.4290045931962386,1.0,5,True
NSCLC-GNN-Hoebel2026,stage_binary,1,utag_0005,2,-0.3557193072512746,0.4141392423513918,0.8,5,True
NSCLC-GNN-Hoebel2026,stage_binary,1,utag_0006,0,-0.27083517611026764,0.3774235446279208,0.8,5,True
NSCLC-GNN-Hoebel2026,stage_binary,1,utag_0006,1,-0.18478777054697276,0.3399723229753472,1.0,5,True
NSCLC-GNN-Hoebel2026,stage_binary,1,utag_0006,2,-0.029278869554400445,0.12831711333898402,1.0,5,True
NSCLC-GNN-Hoebel2026,stage_binary,1,utag_0007,0,-0.003192394971847534,0.6985092287706536,1.0,5,True
NSCLC-GNN-Hoebel2026,stage_binary,1,utag_0007,1,-0.23698512215632944,0.35529594404417947,1.0,5,True
NSCLC-GNN-Hoebel2026,stage_binary,1,utag_0007,2,-0.21576696634292603,0.40168760177426677,1.0,5,True
NSCLC-GNN-Hoebel2026,stage_binary,1,utag_0008,0,-0.1309319853782654,0.3752135184414473,0.8,5,True
NSCLC-GNN-Hoebel2026,stage_binary,1,utag_0008,1,0.1555497173219919,0.15216331999948157,1.0,5,True
NSCLC-GNN-Hoebel2026,stage_binary,1,utag_0008,2,-0.05002973116934299,0.30482247780459815,1.0,5,True
NSCLC-GNN-Hoebel2026,stage_binary,1,utag_0009,0,-0.10145907700061799,0.23136499664857862,1.0,5,True
NSCLC-GNN-Hoebel2026,stage_binary,1,utag_0009,1,-0.046254112757742404,0.24599816684871803,0.8,5,True
NSCLC-GNN-Hoebel2026,stage_binary,1,utag_0009,2,-0.029852211475372314,0.7061915238007528,0.8,5,True
NSCLC-ICI-Monkman2024,immunotherapy_response,1,utag_0000,0,0.10504263788461685,0.37296775984835107,0.6,5,True
NSCLC-ICI-Monkman2024,immunotherapy_response,1,utag_0000,1,-0.0074512779712677,0.5467661168223598,0.6,5,True
NSCLC-ICI-Monkman2024,immunotherapy_response,1,utag_0000,2,0.0080019012093544,0.14928405420381236,0.8,5,True
NSCLC-ICI-Monkman2024,immunotherapy_response,1,utag_0001,0,-0.13370762914419174,0.7795049149585672,0.8,5,True
NSCLC-ICI-Monkman2024,immunotherapy_response,1,utag_0001,1,0.07771260589361191,0.22112107794894806,0.8,5,True
NSCLC-ICI-Monkman2024,immunotherapy_response,1,utag_0001,2,-0.07882352471351624,0.47465485721650136,0.8,5,True
NSCLC-ICI-Monkman2024,immunotherapy_response,1,utag_0002,0,0.07164696753025054,0.16096417677379526,0.4,5,False
NSCLC-ICI-Monkman2024,immunotherapy_response,1,utag_0002,1,0.04550946056842804,0.7006950607702213,1.0,5,True
NSCLC-ICI-Monkman2024,immunotherapy_response,1,utag_0002,2,-0.059599804878234866,0.3945437061556972,1.0,5,True
NSCLC-ICI-Monkman2024,immunotherapy_response,1,utag_0003,0,0.19921706840395928,0.4782634359177693,1.0,5,True
NSCLC-ICI-Monkman2024,immunotherapy_response,1,utag_0003,1,-0.09143048934638501,0.1737681294111782,1.0,5,True
NSCLC-ICI-Monkman2024,immunotherapy_response,1,utag_0003,2,0.06375056505203247,0.14255059706036702,0.2,5,False
NSCLC-ICI-Monkman2024,immunotherapy_response,1,utag_0004,0,-0.16653192788362503,0.4459675576383381,1.0,5,True
NSCLC-ICI-Monkman2024,immunotherapy_response,1,utag_0004,1,-0.2690662622451782,0.4433356728438125,0.6,5,True
NSCLC-ICI-Monkman2024,immunotherapy_response,1,utag_0004,2,0.15101560894399882,0.21772863134763912,1.0,5,True
NSCLC-ICI-Monkman2024,immunotherapy_response,1,utag_0005,0,0.17956168055534363,0.25387890205861285,0.4,5,False
NSCLC-ICI-Monkman2024,immunotherapy_response,1,utag_0005,1,0.032209587097167966,0.32234889803221567,0.6,5,True
NSCLC-ICI-Monkman2024,immunotherapy_response,1,utag_0005,2,0.0013456463813781739,0.18974442837815636,0.4,5,False
NSCLC-ICI-Monkman2024,immunotherapy_response,1,utag_0006,0,-0.1772422507405281,0.35311421544042476,1.0,5,True
NSCLC-ICI-Monkman2024,immunotherapy_response,1,utag_0006,1,0.27513271421194074,0.451108789086706,0.8,5,True
NSCLC-ICI-Monkman2024,immunotherapy_response,1,utag_0006,2,0.14303189292550086,0.45350649723388176,0.8,5,True
NSCLC-ICI-Monkman2024,immunotherapy_response,1,utag_0007,0,0.01842615008354187,0.31403824265705116,0.6,5,True
NSCLC-ICI-Monkman2024,immunotherapy_response,1,utag_0007,1,0.03378658890724182,0.17337857561397021,0.4,5,False
NSCLC-ICI-Monkman2024,immunotherapy_response,1,utag_0007,2,0.22284650355577468,0.36329619620859926,0.8,5,True
NSCLC-ICI-Monkman2024,immunotherapy_response,1,utag_0008,0,0.06044079698622227,0.2573948096453975,0.8,5,True
NSCLC-ICI-Monkman2024,immunotherapy_response,1,utag_0008,1,-0.16880493685603143,0.1778167381363798,0.8,5,True
NSCLC-ICI-Monkman2024,immunotherapy_response,1,utag_0008,2,-0.08791913464665413,0.158951595232536,0.8,5,True
NSCLC-ICI-Monkman2024,immunotherapy_response,1,utag_0009,0,0.11721208691596985,0.17889893461288586,0.4,5,False
NSCLC-ICI-Monkman2024,immunotherapy_response,1,utag_0009,1,0.1468062400817871,0.2578793766280482,0.4,5,False
NSCLC-ICI-Monkman2024,immunotherapy_response,1,utag_0009,2,-0.23507560789585114,0.47765022707890376,0.8,5,True
TNBC-Wang2023,pCR_arm_C,1,utag_0000,0,0.1271473079919815,0.15533561166353432,0.8,5,True
TNBC-Wang2023,pCR_arm_C,1,utag_0000,1,0.03577055931091309,0.17047143827162736,0.4,5,False
TNBC-Wang2023,pCR_arm_C,1,utag_0000,2,0.09009647001512348,0.25751264368674065,1.0,5,True
TNBC-Wang2023,pCR_arm_C,1,utag_0001,0,-0.2100727915763855,0.3697169014501435,1.0,5,True
TNBC-Wang2023,pCR_arm_C,1,utag_0001,1,0.25610070377588273,0.5947746770548741,1.0,5,True
TNBC-Wang2023,pCR_arm_C,1,utag_0001,2,-0.0359898567199707,0.16918873873675586,0.6,5,True
TNBC-Wang2023,pCR_arm_C,1,utag_0002,0,-0.08234955100342631,0.2715016258416592,0.8,5,True
TNBC-Wang2023,pCR_arm_C,1,utag_0002,1,0.057596244663000104,0.16552110563426345,0.4,5,False
TNBC-Wang2023,pCR_arm_C,1,utag_0002,2,0.05051797921769321,0.3193150885965087,1.0,5,True
TNBC-Wang2023,pCR_arm_C,1,utag_0003,0,0.10417547933757305,0.11975543948566972,1.0,5,True
TNBC-Wang2023,pCR_arm_C,1,utag_0003,1,0.012078671157360077,0.21396486933458195,0.8,5,True
TNBC-Wang2023,pCR_arm_C,1,utag_0003,2,-0.06011458486318588,0.2670707079573027,1.0,5,True
TNBC-Wang2023,pCR_arm_C,1,utag_0004,0,-0.24770559072494508,0.29755102454260707,0.6,5,True
TNBC-Wang2023,pCR_arm_C,1,utag_0004,1,0.25034631341695784,0.20945004604542555,1.0,5,True
TNBC-Wang2023,pCR_arm_C,1,utag_0004,2,0.0169537752866745,0.34843845080945046,1.0,5,True
TNBC-Wang2023,pCR_arm_C,1,utag_0005,0,0.08523611724376678,0.343786924932945,1.0,5,True
TNBC-Wang2023,pCR_arm_C,1,utag_0005,1,-0.31155605614185333,0.16192800097740773,1.0,5,True
TNBC-Wang2023,pCR_arm_C,1,utag_0005,2,0.015291649103164672,0.3098225392220605,0.6,5,True
TNBC-Wang2023,pCR_arm_C,1,utag_0006,0,0.22614836543798447,0.2717826137807824,1.0,5,True
TNBC-Wang2023,pCR_arm_C,1,utag_0006,1,0.06444042026996613,0.39246006318305426,1.0,5,True
TNBC-Wang2023,pCR_arm_C,1,utag_0006,2,-0.12132431715726852,0.21587419775945593,0.4,5,False
TNBC-Wang2023,pCR_arm_C,1,utag_0007,0,-0.21864977478981018,0.31672219650401473,1.0,5,True
TNBC-Wang2023,pCR_arm_C,1,utag_0007,1,-0.06394398361444473,0.2667101444582598,0.8,5,True
TNBC-Wang2023,pCR_arm_C,1,utag_0007,2,-0.03852338464930653,0.18550873844577007,1.0,5,True
TNBC-Wang2023,pCR_arm_C,1,utag_0008,0,-0.018609380722045897,0.06411845154007331,0.6,5,True
TNBC-Wang2023,pCR_arm_C,1,utag_0008,1,0.032010245509445666,0.22875931530763063,1.0,5,True
TNBC-Wang2023,pCR_arm_C,1,utag_0008,2,0.2245020240545273,0.20243676431883376,1.0,5,True
TNBC-Wang2023,pCR_arm_C,1,utag_0009,0,0.1581107035279274,0.2657961907114954,1.0,5,True
TNBC-Wang2023,pCR_arm_C,1,utag_0009,1,0.02979922741651535,0.32085335923073427,1.0,5,True
TNBC-Wang2023,pCR_arm_C,1,utag_0009,2,-0.02906021773815155,0.23442165361581532,1.0,5,True
TNBC-Wang2023,pCR_arm_CI,1,utag_0000,0,0.2759150147438049,0.31438920711157353,1.0,5,True
TNBC-Wang2023,pCR_arm_CI,1,utag_0000,1,0.08986744210124016,0.5273175242578894,0.8,5,True
TNBC-Wang2023,pCR_arm_CI,1,utag_0000,2,-0.06787677183747291,0.3493570965469274,0.8,5,True
TNBC-Wang2023,pCR_arm_CI,1,utag_0001,0,-0.3361624091863632,0.5405538420015451,0.8,5,True
TNBC-Wang2023,pCR_arm_CI,1,utag_0001,1,0.049319545924663546,0.34879435204358217,1.0,5,True
TNBC-Wang2023,pCR_arm_CI,1,utag_0001,2,0.18572744131088256,0.4881575648816332,0.8,5,True
TNBC-Wang2023,pCR_arm_CI,1,utag_0002,0,-0.11867249011993408,0.22228355323219662,0.4,5,False
TNBC-Wang2023,pCR_arm_CI,1,utag_0002,1,-0.08701595673337578,0.12081694516934516,0.6,5,True
TNBC-Wang2023,pCR_arm_CI,1,utag_0002,2,-0.11176164895296097,0.2263292693313809,1.0,5,True
TNBC-Wang2023,pCR_arm_CI,1,utag_0003,0,0.10002105683088303,0.4968532900287222,1.0,5,True
TNBC-Wang2023,pCR_arm_CI,1,utag_0003,1,-0.1264591708779335,0.27803375230195587,1.0,5,True
TNBC-Wang2023,pCR_arm_CI,1,utag_0003,2,-0.09324121847748756,0.22816524799728252,1.0,5,True
TNBC-Wang2023,pCR_arm_CI,1,utag_0004,0,0.10141360759735107,0.3584188599025665,0.8,5,True
TNBC-Wang2023,pCR_arm_CI,1,utag_0004,1,0.06167284250259399,0.26435256677353314,0.8,5,True
TNBC-Wang2023,pCR_arm_CI,1,utag_0004,2,0.10976759642362595,0.36854731195270257,1.0,5,True
TNBC-Wang2023,pCR_arm_CI,1,utag_0005,0,-0.13419102132320404,0.4128524719349607,1.0,5,True
TNBC-Wang2023,pCR_arm_CI,1,utag_0005,1,-0.09204094111919403,0.28256353176513954,1.0,5,True
TNBC-Wang2023,pCR_arm_CI,1,utag_0005,2,-0.12088650315999985,0.4921285441616555,1.0,5,True
TNBC-Wang2023,pCR_arm_CI,1,utag_0006,0,-0.19276240542531015,0.5749873721367511,0.6,5,True
TNBC-Wang2023,pCR_arm_CI,1,utag_0006,1,0.06993428468704224,0.45119713382830606,1.0,5,True
TNBC-Wang2023,pCR_arm_CI,1,utag_0006,2,0.20042621791362764,0.689615577902968,0.8,5,True
TNBC-Wang2023,pCR_arm_CI,1,utag_0007,0,-0.011628271639347076,0.187055941120536,1.0,5,True
TNBC-Wang2023,pCR_arm_CI,1,utag_0007,1,-0.08526434116065502,0.35997768387987106,1.0,5,True
TNBC-Wang2023,pCR_arm_CI,1,utag_0007,2,-0.08415229320526123,0.23560719372047836,1.0,5,True
TNBC-Wang2023,pCR_arm_CI,1,utag_0008,0,-0.16683693965896965,0.4823299202512092,1.0,5,True
TNBC-Wang2023,pCR_arm_CI,1,utag_0008,1,-0.20042032301425933,0.503679427079505,1.0,5,True
TNBC-Wang2023,pCR_arm_CI,1,utag_0008,2,-0.03048698902130127,0.3344540946335059,0.8,5,True
TNBC-Wang2023,pCR_arm_CI,1,utag_0009,0,-0.12288700006902217,0.09497099450854754,1.0,5,True
TNBC-Wang2023,pCR_arm_CI,1,utag_0009,1,-0.1119988163933158,0.21965889046144305,0.8,5,True
TNBC-Wang2023,pCR_arm_CI,1,utag_0009,2,-0.025287507474422453,0.4361113943856943,0.8,5,True
TNBC-Wang2023,pCR_all,1,utag_0000,0,-0.07693838030099868,0.22485200836225475,1.0,5,True
TNBC-Wang2023,pCR_all,1,utag_0000,1,-0.1509136449545622,0.43331759979220863,1.0,5,True
TNBC-Wang2023,pCR_all,1,utag_0000,2,-0.09425306394696235,0.18193840458870142,0.8,5,True
TNBC-Wang2023,pCR_all,1,utag_0001,0,0.12525354623794555,0.2922821271108388,1.0,5,True
TNBC-Wang2023,pCR_all,1,utag_0001,1,0.111303149163723,0.2639100444998072,0.8,5,True
TNBC-Wang2023,pCR_all,1,utag_0001,2,0.12558654546737671,0.11255119447785966,0.8,5,True
TNBC-Wang2023,pCR_all,1,utag_0002,0,0.05494749248027801,0.36053582117791466,1.0,5,True
TNBC-Wang2023,pCR_all,1,utag_0002,1,0.0657050371170044,0.29330033538138445,0.8,5,True
TNBC-Wang2023,pCR_all,1,utag_0002,2,-0.12963955625891685,0.28688575182371595,1.0,5,True
TNBC-Wang2023,pCR_all,1,utag_0003,0,0.003736107796430588,0.06575330620228392,0.6,5,True
TNBC-Wang2023,pCR_all,1,utag_0003,1,0.19383615404367446,0.49133424422098565,1.0,5,True
TNBC-Wang2023,pCR_all,1,utag_0003,2,0.11469325125217437,0.2780281561763712,1.0,5,True
TNBC-Wang2023,pCR_all,1,utag_0004,0,-0.08060075491666793,0.24931176185328857,1.0,5,True
TNBC-Wang2023,pCR_all,1,utag_0004,1,0.06293710321187973,0.21386039773917825,1.0,5,True
TNBC-Wang2023,pCR_all,1,utag_0004,2,-0.04154989719390869,0.3365664973535037,0.6,5,True
TNBC-Wang2023,pCR_all,1,utag_0005,0,-0.11223197877407073,0.21460512357646566,0.8,5,True
TNBC-Wang2023,pCR_all,1,utag_0005,1,-0.04244686737656593,0.16986228662144517,1.0,5,True
TNBC-Wang2023,pCR_all,1,utag_0005,2,0.19251472651958465,0.21248210994248726,1.0,5,True
TNBC-Wang2023,pCR_all,1,utag_0006,0,-0.02766929268836975,0.17437371326756534,1.0,5,True
TNBC-Wang2023,pCR_all,1,utag_0006,1,-0.11376369893550872,0.29518936253452427,0.6,5,True
TNBC-Wang2023,pCR_all,1,utag_0006,2,-0.11162691116333008,0.23128737728499768,0.8,5,True
TNBC-Wang2023,pCR_all,1,utag_0007,0,0.09197368118911982,0.32004269652577144,1.0,5,True
TNBC-Wang2023,pCR_all,1,utag_0007,1,-0.22846509516239166,0.07005680276768918,1.0,5,True
TNBC-Wang2023,pCR_all,1,utag_0007,2,-0.2441027581691742,0.29789389065511296,1.0,5,True
TNBC-Wang2023,pCR_all,1,utag_0008,0,-0.1404564349912107,0.2601517541554233,1.0,5,True
TNBC-Wang2023,pCR_all,1,utag_0008,1,-0.05559105649590492,0.16708517480179358,1.0,5,True
TNBC-Wang2023,pCR_all,1,utag_0008,2,-0.0876001164317131,0.21292582909045865,1.0,5,True
TNBC-Wang2023,pCR_all,1,utag_0009,0,0.029134995862841608,0.034165041423812374,0.6,5,True
TNBC-Wang2023,pCR_all,1,utag_0009,1,0.06653425693511963,0.26711505809367775,0.8,5,True
TNBC-Wang2023,pCR_all,1,utag_0009,2,0.024934639036655427,0.22351326002654673,1.0,5,True
